timestamp,preis,richtung_6h,richtung_12h
2026-03-26 09:52,2.279,,
2026-03-26 10:48,2.229,,
2026-03-26 11:37,2.159,,
2026-03-26 12:28,2.249,,
2026-03-26 15:02,2.259,,
2026-03-26 16:44,2.219,,
2026-03-26 18:20,2.209,,
2026-03-26 20:34,2.199,,
2026-03-26 21:53,2.189,,
2026-03-27 06:52,2.319,fällt,fällt
2026-03-27 10:10,2.229,fällt,fällt
2026-03-27 11:09,2.189,fällt,fällt
2026-03-27 12:09,2.259,fällt,fällt
2026-03-27 16:11,2.249,fällt,fällt
2026-03-27 17:09,2.239,fällt,fällt
2026-03-27 18:13,2.219,fällt,steigt
2026-03-27 19:07,2.239,fällt,steigt
2026-03-27 20:13,2.259,fällt,fällt
2026-03-27 21:58,2.169,fällt,steigt
2026-03-28 06:37,2.229,fällt,fällt
2026-03-28 08:17,2.339,fällt,fällt
2026-03-28 09:59,2.309,fällt,fällt
2026-03-28 10:54,2.279,fällt,fällt
2026-03-28 11:53,2.239,fällt,fällt
2026-03-28 12:44,2.319,fällt,fällt
2026-03-28 14:28,2.279,fällt,fällt
2026-03-28 15:53,2.259,fällt,fällt
2026-03-28 16:49,2.269,fällt,fällt
2026-03-28 17:53,2.249,fällt,fällt
2026-03-28 18:48,2.269,fällt,steigt
2026-03-28 20:02,2.239,fällt,steigt
2026-03-28 20:47,2.279,fällt,steigt
2026-03-28 21:51,2.229,fällt,steigt
2026-03-29 07:53,2.349,fällt,fällt
2026-03-29 09:30,2.299,fällt,fällt
2026-03-29 11:00,2.269,fällt,fällt
2026-03-29 11:56,2.229,steigt,fällt
2026-03-29 12:55,2.309,fällt,fällt
2026-03-29 13:46,2.259,fällt,fällt
2026-03-29 15:30,2.269,fällt,fällt
2026-03-29 17:48,2.249,fällt,fällt
2026-03-29 18:55,2.269,fällt,steigt
2026-03-29 19:50,2.249,fällt,steigt
2026-03-29 21:04,2.239,fällt,steigt
2026-03-30 08:11,2.339,fällt,fällt
2026-03-30 10:03,2.349,fällt,fällt
2026-03-30 11:50,2.269,fällt,fällt
2026-03-30 13:20,2.359,fällt,fällt
2026-03-30 16:04,2.309,fällt,fällt
2026-03-30 17:43,2.259,fällt,fällt
2026-03-30 20:10,2.289,fällt,fällt
2026-03-30 21:31,2.229,fällt,steigt
2026-03-31 07:56,2.399,fällt,fällt
2026-03-31 09:47,2.369,fällt,fällt
2026-03-31 11:20,2.309,fällt,fällt
2026-03-31 14:45,2.299,fällt,fällt
2026-03-31 16:04,2.339,fällt,fällt
2026-03-31 17:38,2.319,fällt,fällt
2026-03-31 19:16,2.309,fällt,steigt
2026-03-31 21:31,2.259,fällt,steigt
2026-04-01 08:05,2.329,fällt,fällt
2026-04-01 09:56,2.309,fällt,fällt
2026-04-01 11:37,2.299,fällt,fällt
2026-04-01 13:15,2.359,fällt,fällt
2026-04-01 16:08,2.349,fällt,fällt
2026-04-01 17:45,2.319,fällt,fällt
2026-04-01 21:33,2.329,fällt,steigt
2026-04-02 07:51,2.319,fällt,fällt
2026-04-02 09:43,2.299,fällt,fällt
2026-04-02 11:17,2.289,steigt,fällt
2026-04-02 13:11,2.449,fällt,fällt
2026-04-02 14:01,2.429,fällt,fällt
2026-04-02 15:59,2.409,fällt,fällt
2026-04-02 17:18,2.359,fällt,fällt
2026-04-02 22:56,2.319,fällt,steigt
2026-04-03 07:51,2.359,fällt,fällt
2026-04-03 09:39,2.339,fällt,fällt
2026-04-03 12:06,2.389,fällt,fällt
2026-04-03 21:54,2.359,fällt,steigt
2026-04-04 07:37,2.389,fällt,fällt
2026-04-04 12:54,2.459,fällt,fällt
2026-04-04 21:03,2.389,fällt,steigt
2026-04-04 23:48,2.459,fällt,fällt
2026-04-05 00:51,2.459,fällt,fällt
2026-04-05 01:48,2.459,fällt,fällt
2026-04-05 05:40,2.459,fällt,fällt
2026-04-05 07:55,2.459,fällt,fällt
2026-04-05 09:34,2.439,fällt,fällt
2026-04-05 11:02,2.429,fällt,fällt
2026-04-05 12:56,2.469,fällt,fällt
2026-04-05 13:47,2.469,fällt,fällt
2026-04-05 15:31,2.459,fällt,fällt
2026-04-05 16:56,2.459,fällt,fällt
2026-04-05 17:49,2.459,fällt,fällt
2026-04-05 18:56,2.459,fällt,steigt
2026-04-05 19:50,2.459,fällt,steigt
2026-04-05 21:06,2.459,fällt,steigt
2026-04-05 22:52,2.459,fällt,steigt
2026-04-05 23:49,2.459,fällt,steigt
2026-04-06 00:53,2.459,fällt,steigt
2026-04-06 01:51,2.459,fällt,steigt
2026-04-06 05:43,2.459,fällt,fällt
2026-04-06 08:10,2.449,fällt,fällt
2026-04-06 10:04,2.439,fällt,fällt
2026-04-06 11:43,2.429,fällt,fällt
2026-04-06 13:14,2.469,fällt,fällt
2026-04-06 14:02,2.469,fällt,fällt
2026-04-06 15:48,2.439,fällt,fällt
2026-04-06 17:08,2.439,fällt,fällt
2026-04-06 18:03,2.439,fällt,steigt
2026-04-06 19:09,2.439,fällt,steigt
2026-04-06 20:07,2.439,fällt,steigt
2026-04-06 21:32,2.439,fällt,steigt
2026-04-06 22:57,2.439,fällt,steigt
2026-04-06 23:53,2.439,fällt,steigt
2026-04-07 00:58,2.439,fällt,steigt
2026-04-07 01:53,2.439,fällt,steigt
2026-04-07 05:32,2.439,fällt,fällt
2026-04-07 07:57,2.439,fällt,fällt
2026-04-07 09:51,2.419,fällt,fällt
2026-04-07 11:36,2.409,fällt,fällt
2026-04-07 13:15,2.499,fällt,fällt
2026-04-07 16:04,2.479,fällt,fällt
2026-04-07 17:47,2.459,fällt,fällt
2026-04-07 19:17,2.459,fällt,steigt
2026-04-07 21:34,2.459,fällt,steigt
2026-04-07 23:06,2.459,fällt,steigt
2026-04-08 00:00,2.459,fällt,steigt
2026-04-08 01:01,2.459,fällt,steigt
2026-04-08 05:34,2.459,fällt,fällt
2026-04-08 07:59,2.439,fällt,fällt
2026-04-08 09:55,2.439,fällt,fällt
2026-04-08 11:35,2.429,fällt,fällt
2026-04-08 13:16,2.469,fällt,fällt
2026-04-08 16:05,2.399,fällt,fällt
2026-04-08 17:49,2.389,fällt,fällt
2026-04-08 19:34,2.389,fällt,steigt
2026-04-08 21:42,2.389,fällt,steigt
2026-04-08 23:04,2.389,fällt,steigt
2026-04-09 00:02,2.389,fällt,steigt
2026-04-09 01:03,2.389,fällt,steigt
2026-04-09 05:30,2.389,fällt,fällt
2026-04-09 07:59,2.339,fällt,fällt
2026-04-09 09:56,2.319,fällt,fällt
2026-04-09 11:42,2.299,steigt,fällt
2026-04-09 13:22,2.379,fällt,fällt
2026-04-09 16:16,2.289,fällt,fällt
2026-04-09 18:44,2.279,fällt,steigt
2026-04-09 20:12,2.279,fällt,steigt
2026-04-09 21:41,2.279,fällt,steigt
2026-04-09 23:05,2.279,fällt,steigt
2026-04-10 00:00,2.279,steigt,steigt
2026-04-10 01:03,2.279,steigt,steigt
2026-04-10 05:43,2.279,steigt,steigt
2026-04-10 08:10,2.269,fällt,fällt
2026-04-10 10:01,2.249,fällt,fällt
2026-04-10 11:40,2.249,fällt,fällt
2026-04-10 13:14,2.399,fällt,fällt
2026-04-10 14:03,2.399,fällt,fällt
2026-04-10 15:52,2.269,fällt,fällt
2026-04-10 17:09,2.269,fällt,fällt
2026-04-10 18:10,2.269,fällt,steigt
2026-04-10 19:09,2.269,fällt,steigt
2026-04-10 20:04,2.269,fällt,steigt
2026-04-10 21:14,2.269,fällt,steigt
2026-04-10 22:57,2.269,fällt,steigt
2026-04-10 23:56,2.269,fällt,steigt
2026-04-11 00:58,2.269,steigt,steigt
2026-04-11 01:54,2.269,steigt,steigt
2026-04-11 05:21,2.269,steigt,steigt
2026-04-11 07:41,2.269,fällt,fällt
2026-04-11 09:19,2.249,fällt,fällt
2026-04-11 11:03,2.249,steigt,fällt
2026-04-11 12:57,2.399,fällt,fällt
2026-04-11 13:47,2.399,fällt,fällt
2026-04-11 15:32,2.269,fällt,fällt
2026-04-11 16:57,2.269,fällt,fällt
2026-04-11 17:49,2.259,fällt,fällt
2026-04-11 18:57,2.259,fällt,steigt
2026-04-11 19:51,2.259,fällt,steigt
2026-04-11 21:06,2.259,fällt,steigt
2026-04-11 22:53,2.259,fällt,steigt
2026-04-11 23:50,2.259,fällt,steigt
2026-04-12 00:54,2.259,fällt,steigt
2026-04-12 01:53,2.259,fällt,steigt
2026-04-12 05:48,2.259,fällt,fällt
2026-04-12 08:04,2.259,fällt,fällt
2026-04-12 09:46,2.249,fällt,fällt
2026-04-12 11:07,2.249,fällt,fällt
2026-04-12 12:03,2.359,fällt,fällt
2026-04-12 13:02,2.359,fällt,fällt
2026-04-12 15:36,2.269,fällt,fällt
2026-04-12 16:59,2.259,fällt,fällt
2026-04-12 17:54,2.259,fällt,fällt
2026-04-12 18:58,2.259,fällt,steigt
2026-04-12 19:54,2.259,fällt,steigt
2026-04-12 21:10,2.259,fällt,steigt
2026-04-12 22:54,2.259,fällt,steigt
2026-04-12 23:51,2.259,fällt,steigt
2026-04-13 00:56,2.259,fällt,steigt
2026-04-13 01:53,2.259,fällt,steigt
2026-04-13 05:54,2.259,fällt,fällt
2026-04-13 08:28,2.249,fällt,fällt
2026-04-13 11:14,2.249,fällt,fällt
2026-04-13 12:58,2.369,fällt,fällt
2026-04-13 14:12,2.339,fällt,fällt
2026-04-13 16:11,2.299,fällt,fällt
2026-04-13 17:49,2.299,fällt,fällt
2026-04-13 19:33,2.299,fällt,steigt
2026-04-13 21:41,2.299,fällt,steigt
2026-04-13 23:10,2.299,fällt,steigt
2026-04-14 00:05,2.299,fällt,fällt
2026-04-14 01:05,2.299,fällt,fällt
2026-04-14 02:01,2.299,fällt,fällt
2026-04-14 05:45,2.299,fällt,fällt
2026-04-14 08:13,2.299,fällt,fällt
2026-04-14 10:06,2.289,fällt,fällt
2026-04-14 11:51,2.279,fällt,fällt
2026-04-14 13:31,2.339,fällt,fällt
2026-04-14 16:15,2.269,fällt,fällt
2026-04-14 17:46,2.249,fällt,fällt
2026-04-14 19:36,2.239,fällt,steigt
2026-04-14 21:43,2.239,fällt,steigt
2026-04-14 23:09,2.239,fällt,steigt
2026-04-15 00:07,2.239,steigt,steigt
2026-04-15 01:06,2.239,steigt,steigt
2026-04-15 02:02,2.239,steigt,fällt
2026-04-15 05:43,2.239,fällt,fällt
2026-04-15 08:13,2.199,fällt,fällt
2026-04-15 10:08,2.189,fällt,fällt
2026-04-15 11:52,2.189,fällt,fällt
2026-04-15 13:18,2.249,fällt,fällt
2026-04-15 16:08,2.219,fällt,fällt
2026-04-15 17:39,2.209,fällt,fällt
2026-04-15 19:33,2.209,fällt,steigt
2026-04-15 21:45,2.209,fällt,steigt
2026-04-15 23:08,2.209,fällt,steigt
2026-04-16 00:06,2.209,steigt,steigt
2026-04-16 01:04,2.209,steigt,steigt
2026-04-16 02:01,2.209,steigt,fällt
2026-04-16 05:49,2.209,fällt,fällt
2026-04-16 08:15,2.159,fällt,fällt
2026-04-16 10:08,2.139,fällt,fällt
2026-04-16 11:51,2.129,steigt,fällt
2026-04-16 13:32,2.289,fällt,fällt
2026-04-16 16:17,2.199,fällt,fällt
2026-04-16 18:51,2.179,fällt,steigt
2026-04-16 20:20,2.179,fällt,steigt
2026-04-16 22:08,2.179,fällt,steigt
2026-04-16 23:06,2.179,fällt,steigt
2026-04-17 00:01,2.179,steigt,steigt
2026-04-17 01:05,2.179,steigt,steigt
2026-04-17 02:00,2.179,steigt,steigt
2026-04-17 05:47,2.179,fällt,fällt
2026-04-17 08:15,2.149,fällt,fällt
2026-04-17 10:08,2.129,fällt,fällt
2026-04-17 11:50,2.129,steigt,fällt
2026-04-17 13:14,2.299,fällt,fällt
2026-04-17 14:08,2.299,fällt,fällt
2026-04-17 16:00,2.199,fällt,fällt
2026-04-17 17:18,2.179,fällt,fällt
2026-04-17 19:09,2.169,fällt,steigt
2026-04-17 20:07,2.169,fällt,steigt
2026-04-17 21:34,2.169,fällt,steigt
2026-04-17 23:05,2.169,fällt,steigt
2026-04-18 00:03,2.169,steigt,steigt
2026-04-18 01:03,2.169,steigt,steigt
2026-04-18 05:31,2.169,steigt,fällt
2026-04-18 07:52,2.169,fällt,fällt
2026-04-18 09:36,2.159,fällt,fällt
2026-04-18 11:07,2.149,steigt,fällt
2026-04-18 12:04,2.279,fällt,fällt
2026-04-18 13:03,2.279,fällt,fällt
2026-04-18 15:37,2.189,fällt,fällt
2026-04-18 17:00,2.169,fällt,fällt
2026-04-18 17:55,2.149,fällt,fällt
2026-04-18 18:59,2.149,fällt,steigt
2026-04-18 19:54,2.149,fällt,steigt
2026-04-18 21:11,2.149,fällt,steigt
2026-04-18 23:52,2.149,fällt,steigt
2026-04-19 00:57,2.149,steigt,steigt
2026-04-19 01:53,2.149,steigt,steigt
2026-04-19 05:52,2.149,steigt,steigt
2026-04-19 08:10,2.139,fällt,fällt
2026-04-19 09:48,2.129,fällt,fällt
2026-04-19 11:09,2.129,steigt,fällt
2026-04-19 12:03,2.259,fällt,fällt
2026-04-19 13:02,2.259,fällt,fällt
2026-04-19 15:36,2.189,fällt,fällt
2026-04-19 17:01,2.169,fällt,fällt
2026-04-19 17:56,2.139,fällt,fällt
2026-04-19 18:59,2.139,fällt,steigt
2026-04-19 19:55,2.139,fällt,steigt
2026-04-19 21:11,2.139,fällt,steigt
2026-04-19 22:56,2.139,fällt,steigt
2026-04-19 23:53,2.139,fällt,steigt
2026-04-20 00:57,2.139,steigt,steigt
2026-04-20 01:55,2.139,steigt,steigt
2026-04-20 05:53,2.139,steigt,steigt
2026-04-20 08:29,2.129,fällt,fällt
2026-04-20 11:20,2.119,steigt,fällt
2026-04-20 13:44,2.219,fällt,fällt
2026-04-20 16:15,2.179,fällt,fällt
2026-04-20 17:48,2.159,fällt,fällt
2026-04-20 19:30,2.159,fällt,steigt
2026-04-20 21:35,2.159,fällt,steigt
2026-04-20 23:03,2.159,fällt,steigt
2026-04-21 00:05,2.159,steigt,steigt
2026-04-21 01:05,2.159,steigt,steigt
2026-04-21 02:01,2.159,steigt,steigt
2026-04-21 05:48,2.159,steigt,fällt
2026-04-21 08:15,2.139,fällt,fällt
2026-04-21 10:13,2.119,fällt,fällt
2026-04-21 11:55,2.119,steigt,fällt
2026-04-21 13:34,2.199,fällt,fällt
2026-04-21 16:11,2.149,fällt,fällt
2026-04-21 17:45,2.139,fällt,fällt
2026-04-21 19:18,2.129,fällt,steigt
2026-04-21 21:39,2.129,fällt,steigt
2026-04-21 23:07,2.129,fällt,steigt
2026-04-22 00:02,2.129,steigt,steigt
2026-04-22 01:01,2.129,steigt,steigt
2026-04-22 05:44,2.129,steigt,steigt
2026-04-22 08:13,2.109,fällt,fällt
2026-04-22 10:10,2.089,fällt,fällt
2026-04-22 11:54,2.089,fällt,fällt
2026-04-22 13:34,2.239,fällt,fällt
2026-04-22 16:11,2.109,fällt,fällt
2026-04-22 17:43,2.099,fällt,fällt
2026-04-22 19:16,2.089,fällt,steigt
2026-04-22 21:41,2.089,fällt,steigt
2026-04-22 23:11,2.089,fällt,steigt
2026-04-23 00:07,2.089,steigt,steigt
2026-04-23 01:09,2.089,steigt,steigt
2026-04-23 02:05,2.089,steigt,steigt
2026-04-23 05:49,2.089,steigt,steigt
2026-04-23 08:19,2.079,fällt,fällt
2026-04-23 11:05,2.079,steigt,fällt
2026-04-23 12:49,2.259,fällt,fällt
2026-04-23 14:10,2.209,fällt,fällt
2026-04-23 16:14,2.169,fällt,fällt
2026-04-23 19:49,2.129,fällt,steigt
2026-04-23 21:43,2.129,fällt,steigt
2026-04-23 23:09,2.129,fällt,steigt
2026-04-24 00:03,2.129,steigt,steigt
2026-04-24 01:09,2.129,steigt,steigt
2026-04-24 02:04,2.129,steigt,steigt
2026-04-24 05:53,2.129,steigt,steigt
2026-04-24 08:21,2.119,fällt,fällt
2026-04-24 11:12,2.119,steigt,fällt
2026-04-24 12:47,2.309,fällt,fällt
2026-04-24 14:08,2.259,fällt,fällt
2026-04-24 16:10,2.209,fällt,fällt
2026-04-24 17:40,2.159,fällt,fällt
2026-04-24 19:15,2.149,fällt,steigt
2026-04-24 20:04,2.149,fällt,steigt
2026-04-24 21:15,2.149,fällt,steigt
2026-04-24 22:04,2.149,fällt,steigt
2026-04-24 23:08,2.149,fällt,steigt
2026-04-25 00:05,2.149,steigt,steigt
2026-04-25 01:01,2.149,steigt,steigt
2026-04-25 05:34,2.149,steigt,steigt
2026-04-25 08:00,2.149,fällt,fällt
2026-04-25 09:47,2.139,fällt,fällt
2026-04-25 11:13,2.139,steigt,fällt
2026-04-25 12:09,2.309,fällt,fällt
2026-04-25 13:07,2.309,fällt,fällt
2026-04-25 15:40,2.229,fällt,fällt
2026-04-25 17:03,2.209,fällt,fällt
2026-04-25 17:58,2.189,fällt,fällt
2026-04-25 19:03,2.189,fällt,steigt
2026-04-25 19:58,2.179,fällt,steigt
2026-04-25 21:13,2.179,fällt,steigt
2026-04-25 22:59,2.179,fällt,steigt
2026-04-25 23:54,2.179,fällt,steigt
2026-04-26 00:58,2.179,steigt,steigt
2026-04-26 01:56,2.179,steigt,steigt
2026-04-26 05:58,2.179,steigt,fällt
2026-04-26 08:20,2.179,fällt,fällt
2026-04-26 10:39,2.169,fällt,fällt
2026-04-26 12:09,2.309,fällt,fällt
2026-04-26 13:06,2.309,fällt,fällt
2026-04-26 15:42,2.249,fällt,fällt
2026-04-26 17:04,2.209,fällt,fällt
2026-04-26 18:00,2.189,fällt,steigt
2026-04-26 19:04,2.189,fällt,steigt
2026-04-26 19:59,2.179,fällt,steigt
2026-04-26 21:15,2.179,fällt,steigt
2026-04-26 22:59,2.179,fällt,steigt
2026-04-26 23:55,2.179,fällt,steigt
2026-04-27 01:00,2.179,steigt,steigt
2026-04-27 06:02,2.179,fällt,fällt
2026-04-27 08:43,2.169,fällt,fällt
2026-04-27 11:31,2.159,fällt,fällt
2026-04-27 14:01,2.339,fällt,fällt
2026-04-27 16:29,2.229,fällt,fällt
2026-04-27 18:57,2.189,fällt,steigt
2026-04-27 20:42,2.179,fällt,steigt
2026-04-27 22:20,2.179,fällt,steigt
2026-04-28 00:09,2.179,fällt,fällt
2026-04-28 01:13,2.179,fällt,fällt
2026-04-28 02:09,2.179,fällt,fällt
2026-04-28 06:09,2.179,fällt,fällt
2026-04-28 08:46,2.159,fällt,fällt
2026-04-28 11:36,2.159,steigt,fällt
2026-04-28 14:03,2.329,fällt,fällt
2026-04-28 19:03,2.139,fällt,steigt
2026-04-28 20:54,2.139,fällt,steigt
2026-04-28 22:43,2.139,fällt,steigt
2026-04-29 00:13,2.139,steigt,steigt
2026-04-29 01:13,2.139,steigt,steigt
2026-04-29 02:10,2.139,steigt,fällt
2026-04-29 06:05,2.139,fällt,fällt
2026-04-29 08:40,2.139,fällt,fällt
2026-04-29 11:27,2.129,fällt,fällt
2026-04-29 13:55,2.329,fällt,fällt
2026-04-29 16:32,2.189,fällt,fällt
2026-04-29 18:55,2.149,fällt,steigt
2026-04-29 20:51,2.149,fällt,steigt
2026-04-29 22:36,2.149,fällt,steigt
2026-04-30 00:13,2.149,steigt,steigt
2026-04-30 01:13,2.149,steigt,steigt
2026-04-30 02:11,2.149,steigt,fällt
2026-04-30 06:07,2.149,fällt,fällt
2026-04-30 08:43,2.149,fällt,fällt
2026-04-30 11:28,2.149,fällt,fällt
2026-04-30 13:54,2.379,fällt,fällt
2026-04-30 16:26,2.209,fällt,fällt
2026-04-30 18:50,2.209,fällt,steigt
2026-04-30 20:47,2.209,fällt,steigt
2026-04-30 22:36,2.209,fällt,steigt
2026-05-01 00:12,2.039,steigt,steigt
2026-05-01 01:13,2.039,steigt,steigt
2026-05-01 02:10,2.039,steigt,steigt
2026-05-01 06:31,2.039,fällt,fällt
2026-05-01 09:38,2.039,fällt,fällt
2026-05-01 11:59,2.039,steigt,fällt
2026-05-01 13:34,2.039,steigt,fällt
2026-05-01 15:56,2.039,fällt,fällt
2026-05-01 17:18,2.039,fällt,fällt
2026-05-01 19:16,2.039,fällt,steigt
2026-05-01 21:41,2.039,fällt,steigt
2026-05-01 23:09,2.039,fällt,steigt
2026-05-02 00:08,2.039,steigt,steigt
2026-05-02 01:10,2.039,steigt,steigt
2026-05-02 02:08,2.039,steigt,steigt
2026-05-02 05:54,2.039,steigt,steigt
2026-05-02 08:21,2.039,fällt,fällt
2026-05-02 10:45,2.039,fällt,fällt
2026-05-02 12:12,2.219,fällt,fällt
2026-05-02 13:10,2.219,fällt,fällt
2026-05-02 14:01,2.219,fällt,fällt
2026-05-02 15:51,2.129,fällt,fällt
2026-05-02 17:07,2.099,fällt,fällt
2026-05-02 18:02,2.079,fällt,steigt
2026-05-02 19:08,2.059,fällt,steigt
2026-05-02 20:04,2.059,fällt,steigt
2026-05-02 21:20,2.059,fällt,steigt
2026-05-02 23:02,2.059,fällt,steigt
2026-05-03 00:01,2.059,fällt,fällt
2026-05-03 01:04,2.059,fällt,fällt
2026-05-03 02:02,2.059,fällt,fällt
2026-05-03 06:13,2.059,fällt,fällt
2026-05-03 08:43,2.049,fällt,fällt
2026-05-03 10:58,2.049,fällt,fällt
2026-05-03 12:17,2.219,fällt,fällt
2026-05-03 13:59,2.219,fällt,fällt
2026-05-03 15:51,2.139,fällt,fällt
2026-05-03 17:08,2.079,fällt,fällt
2026-05-03 18:03,2.079,fällt,steigt
2026-05-03 19:10,2.059,fällt,steigt
2026-05-03 20:06,2.059,fällt,steigt
2026-05-03 21:29,2.059,fällt,steigt
2026-05-03 23:05,2.059,fällt,steigt
2026-05-04 00:03,2.059,steigt,steigt
2026-05-04 01:06,2.059,fällt,steigt
2026-05-04 02:06,2.059,fällt,fällt
2026-05-04 06:12,2.059,fällt,fällt
2026-05-04 09:27,2.049,fällt,fällt
2026-05-04 12:27,2.189,fällt,fällt
2026-05-04 14:57,2.129,fällt,fällt
2026-05-04 17:24,2.099,fällt,fällt
2026-05-04 19:53,2.079,fällt,steigt
2026-05-04 21:57,2.079,fällt,steigt
2026-05-04 23:32,2.079,fällt,steigt
2026-05-05 01:12,2.079,fällt,fällt
2026-05-05 02:11,2.079,fällt,fällt
2026-05-05 05:52,2.079,fällt,fällt
2026-05-05 08:30,2.079,fällt,fällt
2026-05-05 11:23,2.039,steigt,fällt
2026-05-05 13:41,2.209,fällt,fällt
2026-05-05 18:57,2.069,fällt,steigt
2026-05-05 20:49,2.049,fällt,steigt
2026-05-05 22:19,2.049,fällt,steigt
2026-05-06 00:15,2.049,steigt,steigt
2026-05-06 01:15,2.049,steigt,steigt
2026-05-06 02:09,2.049,steigt,fällt
2026-05-06 06:08,2.049,fällt,fällt
2026-05-06 08:47,2.029,fällt,fällt
2026-05-06 11:37,2.019,steigt,fällt
2026-05-06 14:12,2.129,fällt,fällt
2026-05-06 17:05,1.999,fällt,fällt
2026-05-06 18:56,1.989,fällt,steigt
2026-05-06 21:02,1.979,fällt,steigt
2026-05-06 22:49,1.979,fällt,steigt
2026-05-07 00:10,1.979,steigt,steigt
2026-05-07 01:08,1.979,steigt,steigt
2026-05-07 02:08,1.979,steigt,steigt
2026-05-07 06:08,1.979,fällt,fällt
2026-05-07 09:20,1.979,fällt,fällt
2026-05-07 12:35,2.119,fällt,fällt
2026-05-07 15:04,2.019,fällt,fällt
2026-05-07 17:39,1.989,fällt,fällt
2026-05-07 19:59,1.969,fällt,steigt
2026-05-07 21:56,1.969,fällt,steigt
2026-05-07 23:16,1.969,fällt,steigt
2026-05-08 01:13,1.969,fällt,steigt
2026-05-08 02:10,1.969,fällt,fällt
2026-05-08 05:56,1.969,fällt,fällt
2026-05-08 08:11,1.959,fällt,fällt
2026-05-08 10:00,1.959,fällt,fällt
2026-05-08 11:57,1.959,fällt,fällt
2026-05-08 13:47,2.129,fällt,fällt
2026-05-08 16:18,1.989,fällt,fällt
2026-05-08 18:46,1.969,fällt,steigt
2026-05-08 20:46,1.959,fällt,steigt
2026-05-08 22:17,1.959,fällt,steigt
2026-05-09 00:13,1.959,fällt,steigt
2026-05-09 01:13,1.959,fällt,steigt
2026-05-09 02:13,1.959,fällt,fällt
2026-05-09 06:01,1.959,fällt,fällt
2026-05-09 08:29,1.939,fällt,fällt
2026-05-09 10:54,1.919,fällt,fällt
2026-05-09 12:18,2.119,fällt,fällt
2026-05-09 14:03,2.119,fällt,fällt
2026-05-09 15:55,1.989,fällt,fällt
2026-05-09 17:15,1.969,fällt,fällt
2026-05-09 18:12,1.959,fällt,steigt
2026-05-09 19:15,1.929,fällt,steigt
2026-05-09 20:10,1.929,fällt,steigt
2026-05-09 21:36,1.929,fällt,steigt
2026-05-09 23:05,1.929,fällt,steigt
2026-05-10 00:03,1.929,fällt,steigt
2026-05-10 01:08,1.929,fällt,steigt
2026-05-10 02:07,1.929,fällt,fällt
2026-05-10 06:18,1.929,fällt,fällt
2026-05-10 09:36,1.919,fällt,fällt
2026-05-10 11:49,1.919,steigt,fällt
2026-05-10 13:15,2.119,fällt,fällt
2026-05-10 14:08,2.119,fällt,fällt
2026-05-10 15:57,1.989,fällt,fällt
2026-05-10 17:16,1.969,fällt,fällt
2026-05-10 19:15,1.949,fällt,steigt
2026-05-10 20:11,1.949,fällt,steigt
2026-05-10 21:36,1.949,fällt,steigt
2026-05-10 23:08,1.949,fällt,steigt
2026-05-11 00:06,1.949,fällt,fällt
2026-05-11 01:11,1.949,fällt,fällt
2026-05-11 02:11,1.949,fällt,fällt
2026-05-11 06:39,1.949,fällt,fällt
2026-05-11 10:38,1.909,fällt,fällt
2026-05-11 14:25,2.109,fällt,fällt
2026-05-11 18:13,1.989,fällt,steigt
2026-05-11 20:09,1.969,fällt,steigt
2026-05-11 22:06,1.969,fällt,steigt
2026-05-11 23:43,1.969,fällt,steigt
2026-05-12 01:13,1.969,fällt,fällt
2026-05-12 02:14,1.969,fällt,fällt
2026-05-12 06:10,1.969,fällt,fällt
2026-05-12 09:18,1.949,fällt,fällt
2026-05-12 12:43,2.159,fällt,fällt
2026-05-12 15:17,2.039,fällt,fällt
2026-05-12 18:34,1.969,fällt,steigt
2026-05-12 21:13,1.969,fällt,steigt
2026-05-12 22:53,1.969,fällt,steigt
2026-05-13 00:37,1.969,fällt,fällt
2026-05-13 02:15,1.969,fällt,fällt
2026-05-13 06:17,1.969,fällt,fällt
2026-05-13 10:14,1.929,fällt,fällt
2026-05-13 12:47,2.159,fällt,fällt
2026-05-13 15:32,2.009,fällt,fällt
2026-05-13 18:35,1.979,fällt,steigt
2026-05-13 21:09,1.979,fällt,steigt
2026-05-13 22:57,1.979,fällt,steigt
2026-05-14 00:40,1.979,fällt,fällt
2026-05-14 02:17,1.979,fällt,fällt
2026-05-14 06:58,1.979,fällt,fällt
2026-05-14 10:04,1.969,fällt,fällt
2026-05-14 12:36,2.169,fällt,fällt
2026-05-14 15:06,2.069,fällt,fällt
2026-05-14 17:35,1.979,fällt,fällt
2026-05-14 20:11,1.969,fällt,steigt
2026-05-14 22:04,1.969,fällt,steigt
2026-05-14 23:38,1.969,fällt,steigt
2026-05-15 01:13,1.969,fällt,steigt
2026-05-15 02:13,1.969,fällt,fällt
2026-05-15 06:31,1.969,fällt,fällt
2026-05-15 10:18,1.969,fällt,fällt
2026-05-15 13:31,2.169,fällt,fällt
2026-05-15 16:38,2.029,fällt,fällt
2026-05-15 19:02,2.009,fällt,steigt
2026-05-15 20:57,1.989,fällt,steigt
2026-05-15 22:35,1.989,fällt,steigt
2026-05-16 00:13,1.989,fällt,fällt
2026-05-16 01:15,1.989,fällt,fällt
2026-05-16 02:12,1.989,fällt,fällt
2026-05-16 06:05,1.989,fällt,fällt
2026-05-16 08:36,1.949,fällt,fällt
2026-05-16 11:03,1.919,steigt,fällt
2026-05-16 12:39,2.169,fällt,fällt
2026-05-16 14:08,2.119,fällt,fällt
2026-05-16 16:01,2.039,fällt,fällt
2026-05-16 17:18,2.009,fällt,fällt
2026-05-16 19:17,1.969,fällt,steigt
2026-05-16 21:35,1.969,fällt,steigt
2026-05-16 23:06,1.969,fällt,steigt
2026-05-17 00:07,1.969,fällt,steigt
2026-05-17 01:10,1.969,fällt,steigt
2026-05-17 02:10,1.969,fällt,fällt
2026-05-17 06:34,1.969,fällt,fällt
2026-05-17 09:45,1.939,fällt,fällt
2026-05-17 12:01,1.929,fällt,fällt
2026-05-17 13:34,2.169,fällt,fällt
2026-05-17 15:59,2.049,fällt,fällt
2026-05-17 17:19,1.979,fällt,fällt
2026-05-17 19:17,1.969,fällt,steigt
2026-05-17 21:39,1.969,fällt,steigt
2026-05-17 23:10,1.969,fällt,steigt
2026-05-18 00:10,1.969,fällt,fällt
2026-05-18 01:13,1.969,fällt,fällt
2026-05-18 02:13,1.969,fällt,fällt
2026-05-18 06:46,1.969,fällt,fällt
2026-05-18 10:54,1.919,fällt,fällt
2026-05-18 14:48,2.089,fällt,fällt
2026-05-18 18:34,1.999,fällt,steigt
2026-05-18 21:04,1.979,fällt,steigt
2026-05-18 22:48,1.979,fällt,steigt
2026-05-19 00:15,1.979,fällt,fällt
2026-05-19 01:33,1.979,fällt,fällt
2026-05-19 06:35,1.979,fällt,fällt
2026-05-19 10:40,1.939,fällt,fällt
2026-05-19 14:21,2.129,fällt,fällt
2026-05-19 18:32,2.019,fällt,steigt
2026-05-19 21:19,1.989,fällt,steigt
2026-05-19 23:48,1.989,fällt,steigt
2026-05-20 01:34,1.989,fällt,fällt
2026-05-20 06:38,1.989,fällt,fällt
2026-05-20 10:37,1.939,fällt,fällt
2026-05-20 14:05,2.169,fällt,fällt
2026-05-20 17:59,1.999,fällt,fällt
2026-05-20 20:33,1.979,fällt,steigt
2026-05-20 23:15,1.979,fällt,steigt
2026-05-21 00:47,1.979,fällt,steigt
2026-05-21 02:19,1.979,fällt,fällt
2026-05-21 07:37,1.929,fällt,fällt
2026-05-21 12:05,2.139,fällt,fällt
2026-05-21 15:34,2.019,fällt,fällt
2026-05-21 18:50,1.969,fällt,steigt
2026-05-21 21:19,1.949,fällt,steigt
2026-05-21 23:51,1.949,fällt,steigt
2026-05-22 01:18,1.949,fällt,steigt
2026-05-22 06:37,1.949,fällt,fällt
2026-05-22 10:33,1.879,fällt,fällt
2026-05-22 14:01,2.129,fällt,fällt
2026-05-22 17:25,1.979,fällt,fällt
2026-05-22 20:07,1.949,fällt,steigt
2026-05-22 22:13,1.949,fällt,steigt
2026-05-22 23:39,1.949,fällt,steigt
2026-05-23 01:33,1.949,fällt,steigt
2026-05-23 06:10,1.949,fällt,fällt
2026-05-23 08:47,1.919,fällt,fällt
2026-05-23 11:15,1.889,fällt,fällt
2026-05-23 12:47,2.129,fällt,fällt
2026-05-23 14:09,2.079,fällt,fällt
2026-05-23 16:04,1.999,fällt,fällt
2026-05-23 17:33,1.939,fällt,fällt
2026-05-23 19:19,1.929,fällt,steigt
2026-05-23 21:39,1.929,fällt,steigt
2026-05-23 23:09,1.929,fällt,steigt
2026-05-24 00:10,1.929,fällt,steigt
2026-05-24 01:13,1.929,fällt,steigt
2026-05-24 02:15,1.929,fällt,fällt
2026-05-24 06:44,1.929,fällt,fällt
2026-05-24 10:01,1.879,fällt,fällt
2026-05-24 12:13,2.129,fällt,fällt
2026-05-24 13:44,2.129,fällt,fällt
2026-05-24 16:03,1.999,fällt,fällt
2026-05-24 17:35,1.949,fällt,fällt
2026-05-24 19:18,1.939,fällt,steigt
2026-05-24 21:42,1.939,fällt,steigt
2026-05-24 23:13,1.939,fällt,steigt
2026-05-25 00:14,1.939,fällt,fällt
2026-05-25 01:30,1.939,fällt,fällt
2026-05-25 06:54,1.939,fällt,fällt
2026-05-25 14:46,2.029,fällt,fällt
2026-05-25 18:04,1.979,fällt,steigt
2026-05-25 20:00,1.929,fällt,steigt
2026-05-25 22:01,1.929,fällt,steigt
2026-05-25 23:36,1.929,fällt,steigt
2026-05-26 01:33,1.929,fällt,steigt
2026-05-26 06:36,1.929,fällt,fällt
2026-05-26 10:44,1.879,fällt,fällt
2026-05-26 18:53,1.919,fällt,steigt
2026-05-26 21:29,1.889,fällt,steigt
2026-05-26 23:59,1.889,fällt,steigt
2026-05-27 01:35,1.889,steigt,steigt
2026-05-27 06:51,1.889,fällt,fällt
2026-05-27 10:49,1.849,fällt,fällt
2026-05-27 14:32,1.959,fällt,fällt
2026-05-27 18:47,1.879,fällt,steigt
2026-05-27 21:34,1.869,fällt,steigt
2026-05-28 00:13,1.869,fällt,steigt
2026-05-28 01:39,1.869,fällt,steigt
2026-05-28 06:43,1.869,fällt,fällt
2026-05-28 10:54,1.809,fällt,fällt
2026-05-28 14:46,1.929,fällt,fällt
2026-05-28 19:04,1.879,fällt,steigt
2026-05-28 21:46,1.869,fällt,steigt
2026-05-29 00:13,1.869,fällt,fällt
2026-05-29 01:45,1.869,fällt,fällt
2026-05-29 06:45,1.869,fällt,fällt
2026-05-29 10:53,1.809,fällt,fällt
2026-05-29 14:28,1.909,fällt,fällt
2026-05-29 18:55,1.849,fällt,steigt
2026-05-29 21:42,1.839,fällt,steigt
2026-05-30 00:06,1.839,fällt,steigt
2026-05-30 01:43,1.839,fällt,steigt
2026-05-30 06:19,1.839,fällt,fällt
2026-05-30 09:58,1.799,fällt,fällt
2026-05-30 12:19,2.059,fällt,fällt
2026-05-30 14:17,1.909,fällt,fällt
2026-05-30 16:48,1.869,fällt,fällt
2026-05-30 18:16,1.849,fällt,steigt
2026-05-30 20:16,1.839,fällt,steigt
2026-05-30 22:18,1.839,fällt,steigt
2026-05-31 00:14,1.839,fällt,fällt
2026-05-31 01:30,1.839,fällt,fällt
2026-05-31 06:54,1.839,fällt,fällt
2026-05-31 10:23,1.789,fällt,fällt
2026-05-31 13:08,2.059,fällt,fällt
2026-05-31 14:49,1.909,fällt,fällt
2026-05-31 16:57,1.869,fällt,fällt
2026-05-31 18:37,1.849,fällt,steigt
2026-05-31 20:18,1.839,fällt,steigt
2026-05-31 22:34,1.839,fällt,steigt
2026-06-01 00:15,1.839,fällt,fällt
2026-06-01 01:35,1.839,fällt,fällt
2026-06-01 07:18,1.839,fällt,fällt
2026-06-01 14:10,1.929,fällt,fällt
2026-06-01 20:17,1.839,fällt,steigt
2026-06-02 00:17,1.839,fällt,fällt
2026-06-02 03:38,1.839,fällt,fällt
2026-06-02 08:59,1.819,fällt,fällt
2026-06-02 13:44,2.019,fällt,fällt
2026-06-02 18:56,1.859,fällt,steigt
2026-06-02 22:21,1.849,fällt,steigt
2026-06-03 01:10,1.849,fällt,fällt
2026-06-03 03:49,1.849,fällt,fällt
2026-06-03 09:15,1.819,fällt,fällt
2026-06-03 14:15,1.959,fällt,fällt
2026-06-03 19:23,1.859,fällt,steigt
2026-06-03 23:31,1.859,fällt,steigt
2026-06-04 02:03,1.859,fällt,fällt
2026-06-04 07:11,1.859,fällt,fällt
2026-06-04 11:03,1.829,steigt,fällt
2026-06-04 14:21,1.959,fällt,fällt
2026-06-04 18:30,1.889,fällt,steigt
2026-06-04 21:32,1.889,fällt,steigt
2026-06-04 23:55,1.889,fällt,steigt
2026-06-05 01:39,1.889,fällt,fällt
2026-06-05 06:49,1.889,fällt,fällt
2026-06-05 10:53,1.829,fällt,fällt
2026-06-05 14:20,1.939,fällt,fällt
2026-06-05 18:09,1.879,fällt,steigt
2026-06-05 20:14,1.869,fällt,steigt
2026-06-05 22:17,1.869,fällt,steigt
2026-06-06 00:36,1.869,fällt,steigt
2026-06-06 03:24,1.869,fällt,fällt
2026-06-06 08:04,1.849,fällt,fällt
2026-06-06 10:47,1.839,fällt,fällt
2026-06-06 13:01,2.089,fällt,fällt
2026-06-06 14:45,1.959,fällt,fällt
2026-06-06 16:54,1.939,fällt,fällt
2026-06-06 18:36,1.879,fällt,steigt
2026-06-06 20:40,1.859,fällt,steigt
2026-06-06 22:36,1.859,fällt,steigt
2026-06-07 00:19,1.859,fällt,steigt
2026-06-07 02:19,1.859,fällt,fällt
2026-06-07 07:53,1.839,fällt,fällt
2026-06-07 11:41,1.829,fällt,fällt
2026-06-07 14:03,1.989,fällt,fällt
2026-06-07 16:22,1.899,fällt,fällt
2026-06-07 18:46,1.869,fällt,steigt
2026-06-07 20:40,1.869,fällt,steigt
2026-06-07 22:39,1.869,fällt,steigt
2026-06-08 00:19,1.869,fällt,fällt
2026-06-08 03:35,1.869,fällt,fällt
2026-06-08 09:05,1.829,fällt,fällt
2026-06-08 14:10,2.019,fällt,fällt
2026-06-08 18:30,1.819,fällt,steigt
2026-06-08 21:36,1.819,fällt,steigt
2026-06-09 00:02,1.819,steigt,steigt
2026-06-09 01:39,1.819,steigt,steigt
2026-06-09 06:37,1.819,fällt,fällt
2026-06-09 10:42,1.819,fällt,fällt
2026-06-09 14:17,1.929,fällt,fällt
2026-06-09 18:14,1.859,fällt,steigt
2026-06-09 20:24,1.849,fällt,steigt
2026-06-09 23:14,1.849,fällt,steigt
2026-06-10 00:54,1.849,fällt,fällt
2026-06-10 03:32,1.849,fällt,fällt
2026-06-10 08:44,1.819,fällt,fällt
2026-06-10 13:05,2.059,fällt,fällt
2026-06-10 16:30,1.809,fällt,fällt
2026-06-10 20:10,1.779,fällt,steigt
2026-06-10 22:47,1.779,fällt,steigt
2026-06-11 00:58,1.779,steigt,steigt
2026-06-11 03:42,1.779,steigt,steigt
2026-06-11 09:08,1.769,fällt,fällt
2026-06-11 13:50,1.969,fällt,fällt
2026-06-11 18:29,1.799,fällt,steigt
2026-06-11 21:47,1.799,fällt,steigt
2026-06-12 00:18,1.799,steigt,steigt
2026-06-12 03:41,1.799,steigt,fällt
2026-06-12 08:57,1.799,fällt,fällt
2026-06-12 13:10,2.009,fällt,fällt
2026-06-12 16:17,1.829,fällt,fällt
2026-06-12 19:43,1.799,fällt,steigt
2026-06-12 22:28,1.799,fällt,steigt
2026-06-13 00:49,1.799,fällt,steigt
2026-06-13 03:35,1.799,fällt,fällt
2026-06-13 08:33,1.789,fällt,fällt
2026-06-13 12:09,2.029,fällt,fällt
2026-06-13 14:03,1.929,fällt,fällt
2026-06-13 16:29,1.829,fällt,fällt
2026-06-13 18:49,1.829,fällt,steigt
2026-06-13 20:46,1.829,fällt,steigt
2026-06-13 22:41,1.829,fällt,steigt
2026-06-14 00:31,1.829,fällt,fällt
2026-06-14 03:38,1.829,fällt,fällt
2026-06-14 08:59,1.759,fällt,fällt
2026-06-14 12:32,2.029,fällt,fällt
2026-06-14 15:04,1.879,fällt,fällt
2026-06-14 17:19,1.779,fällt,fällt
2026-06-14 19:50,1.769,fällt,steigt
2026-06-14 21:59,1.769,fällt,steigt
2026-06-14 23:42,1.769,fällt,steigt
2026-06-15 01:39,1.769,steigt,steigt
2026-06-15 07:30,1.769,fällt,fällt
2026-06-15 14:44,1.839,fällt,fällt
2026-06-15 20:02,1.759,fällt,steigt
2026-06-15 23:24,1.759,fällt,steigt
2026-06-16 02:03,1.759,fällt,fällt
2026-06-16 07:36,1.759,fällt,fällt
2026-06-16 13:36,1.929,fällt,fällt
2026-06-16 19:23,1.709,fällt,steigt
2026-06-16 23:20,1.709,fällt,steigt
2026-06-17 01:50,1.709,steigt,steigt
2026-06-17 07:19,1.709,fällt,fällt
2026-06-17 13:18,1.949,fällt,fällt
2026-06-17 18:07,1.759,fällt,steigt
2026-06-17 20:36,1.729,fällt,steigt
2026-06-17 23:24,1.729,fällt,steigt
2026-06-18 01:51,1.729,fällt,fällt
2026-06-18 07:04,1.729,fällt,fällt
2026-06-18 11:47,1.689,steigt,fällt
2026-06-18 15:44,1.779,fällt,fällt
2026-06-18 19:31,1.719,fällt,steigt
2026-06-18 22:39,1.719,fällt,steigt
2026-06-19 01:11,1.719,fällt,steigt
2026-06-19 04:07,1.719,fällt,fällt
2026-06-19 09:31,1.669,fällt,fällt
2026-06-19 14:18,1.789,fällt,fällt
2026-06-19 18:15,1.669,fällt,steigt
2026-06-19 20:11,1.669,fällt,steigt
2026-06-19 22:05,1.669,fällt,steigt
2026-06-19 23:37,1.669,fällt,steigt
2026-06-20 01:17,1.669,steigt,steigt
2026-06-20 06:42,1.669,steigt,fällt
2026-06-20 10:29,1.669,fällt,fällt
2026-06-20 13:26,1.889,fällt,fällt
2026-06-20 16:33,1.739,fällt,fällt
2026-06-20 18:53,1.719,fällt,steigt
2026-06-20 20:48,1.709,fällt,steigt
2026-06-20 22:42,1.709,fällt,steigt
2026-06-21 00:36,1.709,fällt,fällt
2026-06-21 03:41,1.709,fällt,fällt
2026-06-21 09:11,1.689,fällt,fällt
2026-06-21 12:49,1.939,fällt,fällt
2026-06-21 15:19,1.729,fällt,fällt
2026-06-21 18:12,1.699,fällt,steigt
2026-06-21 19:56,1.699,fällt,steigt
2026-06-21 22:05,1.699,fällt,steigt
2026-06-21 23:43,1.699,fällt,steigt
2026-06-22 01:46,1.699,steigt,steigt
2026-06-22 07:33,1.699,fällt,fällt
2026-06-22 14:27,1.799,fällt,fällt
2026-06-22 19:53,1.709,fällt,steigt
2026-06-22 23:15,1.709,fällt,steigt
2026-06-23 00:58,1.709,fällt,fällt
2026-06-23 03:25,1.709,fällt,fällt
2026-06-23 08:29,1.699,fällt,fällt
2026-06-23 12:44,1.929,fällt,fällt
2026-06-23 15:48,1.679,fällt,fällt
2026-06-23 18:43,1.679,fällt,steigt
2026-06-23 21:20,1.679,fällt,steigt
2026-06-23 23:52,1.679,fällt,steigt
2026-06-24 01:32,1.679,steigt,steigt
2026-06-24 06:39,1.679,steigt,fällt
2026-06-24 10:35,1.669,fällt,fällt
2026-06-24 14:02,1.669,fällt,fällt
2026-06-24 17:10,1.669,fällt,fällt
2026-06-24 19:21,1.719,fällt,steigt
2026-06-24 22:12,1.719,fällt,steigt
2026-06-24 23:48,1.719,fällt,steigt
2026-06-25 01:35,1.719,fällt,fällt
2026-06-25 06:36,1.719,fällt,fällt
2026-06-25 10:32,1.689,fällt,fällt
2026-06-25 13:57,1.839,fällt,fällt
2026-06-25 17:18,1.729,fällt,fällt
2026-06-25 20:27,1.719,fällt,steigt
2026-06-25 23:03,1.719,fällt,steigt
2026-06-26 00:48,1.719,fällt,fällt
2026-06-26 03:31,1.719,fällt,fällt
2026-06-26 08:30,1.699,fällt,fällt
2026-06-26 12:30,1.949,fällt,fällt
2026-06-26 15:22,1.779,fällt,fällt
2026-06-26 18:29,1.739,fällt,steigt
2026-06-26 21:06,1.729,fällt,steigt
2026-06-26 22:57,1.729,fällt,steigt
2026-06-27 00:38,1.729,fällt,fällt
2026-06-27 03:24,1.729,fällt,fällt
2026-06-27 08:03,1.719,fällt,fällt
2026-06-27 11:06,1.709,steigt,fällt
2026-06-27 13:05,1.949,fällt,fällt
2026-06-27 14:44,1.779,fällt,fällt
2026-06-27 16:56,1.769,fällt,fällt
2026-06-27 18:33,1.759,fällt,steigt
2026-06-27 20:19,1.719,fällt,steigt
2026-06-27 22:34,1.719,fällt,steigt
2026-06-28 00:17,1.719,fällt,steigt
2026-06-28 02:16,1.719,fällt,fällt
2026-06-28 07:45,1.709,fällt,fällt
2026-06-28 11:33,1.709,steigt,fällt
2026-06-28 13:59,1.849,fällt,fällt
2026-06-28 16:17,1.779,fällt,fällt
2026-06-28 18:38,1.739,fällt,steigt
2026-06-28 20:19,1.719,fällt,steigt
2026-06-28 22:37,1.719,fällt,steigt
2026-06-29 00:16,1.719,fällt,fällt
2026-06-29 03:33,1.719,fällt,fällt
2026-06-29 09:05,1.709,fällt,fällt
2026-06-29 14:12,1.819,fällt,fällt
2026-06-29 18:13,1.769,fällt,steigt
2026-06-29 20:26,1.769,fällt,steigt
2026-06-29 22:58,1.769,fällt,fällt
2026-06-30 00:33,1.769,fällt,fällt
2026-06-30 03:26,1.769,fällt,fällt
2026-06-30 08:34,1.739,fällt,fällt
2026-06-30 12:40,1.959,fällt,fällt
2026-06-30 15:16,1.909,fällt,fällt
2026-06-30 18:33,1.899,fällt,fällt
2026-06-30 21:07,1.889,fällt,fällt
2026-06-30 23:10,1.889,fällt,fällt
2026-07-01 00:42,1.889,fällt,fällt
2026-07-01 03:33,1.889,fällt,fällt
2026-07-01 08:46,1.889,fällt,fällt
2026-07-01 12:49,2.109,fällt,fällt
2026-07-01 15:41,2.029,fällt,fällt
2026-07-01 18:41,1.989,fällt,fällt
2026-07-01 21:13,1.979,fällt,fällt
2026-07-01 22:57,1.979,fällt,fällt
2026-07-02 00:41,1.979,fällt,fällt
2026-07-02 03:26,1.979,fällt,fällt
2026-07-02 08:11,1.939,fällt,fällt
2026-07-02 11:35,1.909,steigt,fällt
2026-07-02 14:22,2.049,fällt,fällt
2026-07-02 17:33,2.029,fällt,fällt
2026-07-02 20:03,1.999,fällt,steigt
2026-07-02 21:54,1.999,fällt,steigt
2026-07-02 23:35,1.999,fällt,steigt
2026-07-03 01:31,1.999,fällt,fällt
2026-07-03 06:11,1.999,fällt,fällt
2026-07-03 09:41,1.909,fällt,fällt
2026-07-03 13:01,2.089,fällt,fällt
2026-07-03 15:13,2.039,fällt,fällt
2026-07-03 17:29,1.969,fällt,fällt
2026-07-03 19:50,1.909,fällt,steigt
2026-07-03 21:52,1.909,fällt,steigt
2026-07-03 23:33,1.909,fällt,steigt
2026-07-04 01:28,1.909,steigt,steigt
2026-07-04 06:04,1.909,fällt,fällt
2026-07-04 09:16,1.879,fällt,fällt
2026-07-04 12:27,2.089,fällt,fällt
2026-07-04 14:36,2.019,fällt,fällt
2026-07-04 16:46,1.999,fällt,fällt
2026-07-04 18:16,1.959,fällt,steigt
2026-07-04 20:14,1.949,fällt,steigt
2026-07-04 21:41,1.949,fällt,steigt
2026-07-04 23:15,1.949,fällt,steigt
2026-07-05 00:15,1.949,fällt,fällt
2026-07-05 01:26,1.949,fällt,fällt
2026-07-05 06:32,1.949,fällt,fällt
2026-07-05 10:19,1.879,fällt,fällt
2026-07-05 13:14,2.089,fällt,fällt
2026-07-05 14:44,2.019,fällt,fällt
2026-07-05 16:54,1.999,fällt,fällt
2026-07-05 18:19,1.959,fällt,steigt
2026-07-05 20:17,1.929,fällt,steigt
2026-07-05 22:32,1.929,fällt,steigt
