datum,predicted_delta,actual_delta,richtung_korrekt
2026-09-13,-0.02416,0.014,0
2026-09-14,0.04635,0.05,1
2026-09-15,0.03099,0.064,1
2026-09-16,0.03069,0.03,1
2026-09-17,-0.03915,-0.048,1
2026-09-18,-0.02656,-0.02,1
2026-09-19,0.0028,0.006,1
2026-09-20,0.00279,0.0,0
2026-09-21,-0.02973,-0.036,1
2026-09-22,-0.03836,0.0065,0
2026-09-23,0.01577,0.034,1
2026-09-24,-0.00076,0.0135,0
2026-09-25,0.04296,-0.004,0
2026-09-26,-0.00408,-0.01,1
2026-09-27,0.02688,0.022,1
2026-09-28,0.03267,-0.055,0
2026-09-29,-0.02949,-0.01,1
2026-09-30,0.01839,-0.086,0
2026-10-01,-0.04421,-0.182,1
2026-10-02,-0.02853,-0.009,1
2026-10-03,0.06677,0.064,1
2026-10-04,0.04125,0.0225,1
2026-10-05,-0.03875,-0.088,1
2026-10-06,-0.03628,-0.0305,1
2026-10-07,0.02054,0.08,1
2026-10-08,0.05043,0.023,1
2026-10-09,-0.01671,,
2026-10-10,,,
