period,brent_futures_usd_1h
2026-03-27 00:00:00,101.30000305175781
2026-03-27 01:00:00,101.56999969482422
2026-03-27 02:00:00,101.94999694824219
2026-03-27 03:00:00,102.58000183105469
2026-03-27 04:00:00,103.30999755859375
2026-03-27 05:00:00,103.36000061035156
2026-03-27 06:00:00,104.45999908447266
2026-03-27 07:00:00,104.02999877929688
2026-03-27 08:00:00,103.87000274658203
2026-03-27 09:00:00,104.12999725341797
2026-03-27 10:00:00,103.79000091552734
2026-03-27 11:00:00,104.37999725341797
2026-03-27 12:00:00,104.58999633789062
2026-03-27 13:00:00,104.98999786376953
2026-03-27 14:00:00,104.94000244140625
2026-03-27 15:00:00,105.5999984741211
2026-03-27 16:00:00,106.83999633789062
2026-03-29 18:00:00,107.63999938964844
2026-03-29 19:00:00,108.5
2026-03-29 20:00:00,109.29000091552734
2026-03-29 21:00:00,108.27999877929688
2026-03-29 22:00:00,108.02999877929688
2026-03-29 23:00:00,107.83999633789062
2026-03-30 00:00:00,108.11000061035156
2026-03-30 01:00:00,107.8499984741211
2026-03-30 02:00:00,108.44000244140625
2026-03-30 03:00:00,108.5999984741211
2026-03-30 04:00:00,107.62999725341797
2026-03-30 05:00:00,107.76000213623047
2026-03-30 06:00:00,107.98999786376953
2026-03-30 07:00:00,107.6500015258789
2026-03-30 08:00:00,107.05000305175781
2026-03-30 09:00:00,108.36000061035156
2026-03-30 10:00:00,107.69999694824219
2026-03-30 11:00:00,107.55999755859375
2026-03-30 12:00:00,107.33000183105469
2026-03-30 13:00:00,107.75
2026-03-30 14:00:00,107.73999786376953
2026-03-30 15:00:00,108.27999877929688
2026-03-30 16:00:00,108.79000091552734
2026-03-30 18:00:00,109.2699966430664
2026-03-30 19:00:00,109.47000122070312
2026-03-30 20:00:00,108.04000091552734
2026-03-30 21:00:00,105.41999816894531
2026-03-30 22:00:00,106.18000030517578
2026-03-30 23:00:00,107.3499984741211
2026-03-31 00:00:00,107.16000366210938
2026-03-31 01:00:00,107.0199966430664
2026-03-31 02:00:00,106.83999633789062
2026-03-31 03:00:00,106.44999694824219
2026-03-31 04:00:00,106.68000030517578
2026-03-31 05:00:00,107.94000244140625
2026-03-31 06:00:00,107.98999786376953
2026-03-31 07:00:00,107.0199966430664
2026-03-31 08:00:00,107.4800033569336
2026-03-31 09:00:00,106.80000305175781
2026-03-31 10:00:00,108.0199966430664
2026-03-31 11:00:00,107.25
2026-03-31 12:00:00,104.62999725341797
2026-03-31 13:00:00,104.79000091552734
2026-03-31 14:00:00,104.72000122070312
2026-03-31 15:00:00,104.33999633789062
2026-03-31 16:00:00,103.27999877929688
2026-03-31 18:00:00,104.58000183105469
2026-03-31 19:00:00,103.69999694824219
2026-03-31 20:00:00,104.41000366210938
2026-03-31 21:00:00,105.80000305175781
2026-03-31 22:00:00,105.5999984741211
2026-03-31 23:00:00,105.22000122070312
2026-04-01 00:00:00,104.7300033569336
2026-04-01 01:00:00,103.1500015258789
2026-04-01 02:00:00,98.88999938964844
2026-04-01 03:00:00,101.12999725341797
2026-04-01 04:00:00,102.44999694824219
2026-04-01 05:00:00,103.66999816894531
2026-04-01 06:00:00,103.01000213623047
2026-04-01 07:00:00,101.66999816894531
2026-04-01 08:00:00,102.51000213623047
2026-04-01 09:00:00,101.2300033569336
2026-04-01 10:00:00,101.30000305175781
2026-04-01 11:00:00,101.91999816894531
2026-04-01 12:00:00,101.58999633789062
2026-04-01 13:00:00,100.5
2026-04-01 14:00:00,101.18000030517578
2026-04-01 15:00:00,100.9000015258789
2026-04-01 16:00:00,100.30000305175781
2026-04-01 18:00:00,100.66999816894531
2026-04-01 19:00:00,100.58000183105469
2026-04-01 20:00:00,99.44999694824219
2026-04-01 21:00:00,105.97000122070312
2026-04-01 22:00:00,105.8499984741211
2026-04-01 23:00:00,106.8499984741211
2026-04-02 00:00:00,107.12000274658203
2026-04-02 01:00:00,107.9800033569336
2026-04-02 02:00:00,107.7300033569336
2026-04-02 03:00:00,107.79000091552734
2026-04-02 04:00:00,108.87000274658203
2026-04-02 05:00:00,108.33000183105469
2026-04-02 06:00:00,109.23999786376953
2026-04-02 07:00:00,109.13999938964844
2026-04-02 08:00:00,108.81999969482422
2026-04-02 09:00:00,108.30000305175781
2026-04-02 10:00:00,106.3499984741211
2026-04-02 11:00:00,107.6500015258789
2026-04-02 12:00:00,107.79000091552734
2026-04-02 13:00:00,108.69999694824219
2026-04-02 14:00:00,108.27999877929688
2026-04-02 15:00:00,108.44999694824219
2026-04-02 16:00:00,109.05000305175781
2026-04-05 18:00:00,111.2300033569336
2026-04-05 19:00:00,111.6500015258789
2026-04-05 20:00:00,110.63999938964844
2026-04-05 21:00:00,110.62000274658203
2026-04-05 22:00:00,110.0199966430664
2026-04-05 23:00:00,109.77999877929688
2026-04-06 00:00:00,109.76000213623047
2026-04-06 01:00:00,109.80000305175781
2026-04-06 02:00:00,109.33999633789062
2026-04-06 03:00:00,108.08999633789062
2026-04-06 04:00:00,107.87999725341797
2026-04-06 05:00:00,108.6500015258789
2026-04-06 06:00:00,107.98999786376953
2026-04-06 07:00:00,108.6500015258789
2026-04-06 08:00:00,108.41999816894531
2026-04-06 09:00:00,109.22000122070312
2026-04-06 10:00:00,108.83000183105469
2026-04-06 11:00:00,109.52999877929688
2026-04-06 12:00:00,109.54000091552734
2026-04-06 13:00:00,111.05000305175781
2026-04-06 14:00:00,109.77999877929688
2026-04-06 15:00:00,109.54000091552734
2026-04-06 16:00:00,109.62999725341797
2026-04-06 18:00:00,109.97000122070312
2026-04-06 19:00:00,110.31999969482422
2026-04-06 20:00:00,110.2300033569336
2026-04-06 21:00:00,111.23999786376953
2026-04-06 22:00:00,111.06999969482422
2026-04-06 23:00:00,111.48999786376953
2026-04-07 00:00:00,111.16000366210938
2026-04-07 01:00:00,111.19000244140625
2026-04-07 02:00:00,111.20999908447266
2026-04-07 03:00:00,111.68000030517578
2026-04-07 04:00:00,109.58999633789062
2026-04-07 05:00:00,109.11000061035156
2026-04-07 06:00:00,110.43000030517578
2026-04-07 07:00:00,110.86000061035156
2026-04-07 08:00:00,110.68000030517578
2026-04-07 09:00:00,110.63999938964844
2026-04-07 10:00:00,110.93000030517578
2026-04-07 11:00:00,109.44000244140625
2026-04-07 12:00:00,109.91000366210938
2026-04-07 13:00:00,110.0999984741211
2026-04-07 14:00:00,109.91999816894531
2026-04-07 15:00:00,107.12000274658203
2026-04-07 16:00:00,105.47000122070312
2026-04-07 18:00:00,95.0
2026-04-07 19:00:00,94.93000030517578
2026-04-07 20:00:00,94.38999938964844
2026-04-07 21:00:00,94.88999938964844
2026-04-07 22:00:00,95.44000244140625
2026-04-07 23:00:00,94.69999694824219
2026-04-08 00:00:00,95.0
2026-04-08 01:00:00,93.87000274658203
2026-04-08 02:00:00,93.9000015258789
2026-04-08 03:00:00,94.69999694824219
2026-04-08 04:00:00,94.33999633789062
2026-04-08 05:00:00,94.31999969482422
2026-04-08 06:00:00,94.12000274658203
2026-04-08 07:00:00,92.4000015258789
2026-04-08 08:00:00,91.19000244140625
2026-04-08 09:00:00,92.13999938964844
2026-04-08 10:00:00,94.58000183105469
2026-04-08 11:00:00,94.69999694824219
2026-04-08 12:00:00,94.48999786376953
2026-04-08 13:00:00,95.06999969482422
2026-04-08 14:00:00,95.66000366210938
2026-04-08 15:00:00,96.26000213623047
2026-04-08 16:00:00,96.26000213623047
2026-04-08 18:00:00,96.81999969482422
2026-04-08 19:00:00,97.08000183105469
2026-04-08 20:00:00,97.8499984741211
2026-04-08 21:00:00,96.9000015258789
2026-04-08 22:00:00,96.9000015258789
2026-04-08 23:00:00,96.62000274658203
2026-04-09 00:00:00,97.36000061035156
2026-04-09 01:00:00,96.77999877929688
2026-04-09 02:00:00,96.88999938964844
2026-04-09 03:00:00,98.4000015258789
2026-04-09 04:00:00,98.19000244140625
2026-04-09 05:00:00,97.91000366210938
2026-04-09 06:00:00,98.68000030517578
2026-04-09 07:00:00,97.88999938964844
2026-04-09 08:00:00,98.38999938964844
2026-04-09 09:00:00,98.5999984741211
2026-04-09 10:00:00,99.16999816894531
2026-04-09 11:00:00,96.69000244140625
2026-04-09 12:00:00,95.72000122070312
2026-04-09 13:00:00,94.94999694824219
2026-04-09 14:00:00,96.3499984741211
2026-04-09 15:00:00,97.30000305175781
2026-04-09 16:00:00,96.44000244140625
2026-04-09 18:00:00,96.94999694824219
2026-04-09 19:00:00,96.68000030517578
2026-04-09 20:00:00,96.91000366210938
2026-04-09 21:00:00,96.5
2026-04-09 22:00:00,96.47000122070312
2026-04-09 23:00:00,96.16999816894531
2026-04-10 00:00:00,96.66000366210938
2026-04-10 01:00:00,96.81999969482422
2026-04-10 02:00:00,96.88999938964844
2026-04-10 03:00:00,97.69000244140625
2026-04-10 04:00:00,98.02999877929688
2026-04-10 05:00:00,96.5199966430664
2026-04-10 06:00:00,95.91000366210938
2026-04-10 07:00:00,95.95999908447266
2026-04-10 08:00:00,95.87999725341797
2026-04-10 09:00:00,96.05999755859375
2026-04-10 10:00:00,95.80000305175781
2026-04-10 11:00:00,97.06999969482422
2026-04-10 12:00:00,96.77999877929688
2026-04-10 13:00:00,96.47000122070312
2026-04-10 14:00:00,94.5999984741211
2026-04-10 15:00:00,94.6500015258789
2026-04-10 16:00:00,94.44999694824219
2026-04-12 18:00:00,102.4800033569336
2026-04-12 19:00:00,103.13999938964844
2026-04-12 20:00:00,102.41999816894531
2026-04-12 21:00:00,101.72000122070312
2026-04-12 22:00:00,102.19000244140625
2026-04-12 23:00:00,102.12000274658203
2026-04-13 00:00:00,102.08000183105469
2026-04-13 01:00:00,101.9800033569336
2026-04-13 02:00:00,101.43000030517578
2026-04-13 03:00:00,101.9800033569336
2026-04-13 04:00:00,102.77999877929688
2026-04-13 05:00:00,102.54000091552734
2026-04-13 06:00:00,102.05000305175781
2026-04-13 07:00:00,102.30999755859375
2026-04-13 08:00:00,101.9000015258789
2026-04-13 09:00:00,100.23999786376953
2026-04-13 10:00:00,100.55000305175781
2026-04-13 11:00:00,102.0
2026-04-13 12:00:00,99.9800033569336
2026-04-13 13:00:00,99.23999786376953
2026-04-13 14:00:00,97.69999694824219
2026-04-13 15:00:00,98.30999755859375
2026-04-13 16:00:00,98.11000061035156
2026-04-13 18:00:00,97.9800033569336
2026-04-13 19:00:00,97.3499984741211
2026-04-13 20:00:00,96.66999816894531
2026-04-13 21:00:00,97.80999755859375
2026-04-13 22:00:00,98.08999633789062
2026-04-13 23:00:00,98.1500015258789
2026-04-14 00:00:00,97.87999725341797
2026-04-14 01:00:00,98.55000305175781
2026-04-14 02:00:00,99.20999908447266
2026-04-14 03:00:00,98.5999984741211
2026-04-14 04:00:00,98.06999969482422
2026-04-14 05:00:00,98.75
2026-04-14 06:00:00,99.02999877929688
2026-04-14 07:00:00,98.72000122070312
2026-04-14 08:00:00,97.70999908447266
2026-04-14 09:00:00,96.83000183105469
2026-04-14 10:00:00,95.75
2026-04-14 11:00:00,95.4000015258789
2026-04-14 12:00:00,95.2699966430664
2026-04-14 13:00:00,95.08999633789062
2026-04-14 14:00:00,95.08999633789062
2026-04-14 15:00:00,95.1500015258789
2026-04-14 16:00:00,95.13999938964844
2026-04-14 18:00:00,95.13999938964844
2026-04-14 19:00:00,94.08999633789062
2026-04-14 20:00:00,94.2300033569336
2026-04-14 21:00:00,94.58999633789062
2026-04-14 22:00:00,95.29000091552734
2026-04-14 23:00:00,95.11000061035156
2026-04-15 00:00:00,95.7300033569336
2026-04-15 01:00:00,95.55999755859375
2026-04-15 02:00:00,94.70999908447266
2026-04-15 03:00:00,94.7699966430664
2026-04-15 04:00:00,95.3499984741211
2026-04-15 05:00:00,96.11000061035156
2026-04-15 06:00:00,96.16000366210938
2026-04-15 07:00:00,95.36000061035156
2026-04-15 08:00:00,95.26000213623047
2026-04-15 09:00:00,94.58000183105469
2026-04-15 10:00:00,95.08999633789062
2026-04-15 11:00:00,95.66999816894531
2026-04-15 12:00:00,95.6500015258789
2026-04-15 13:00:00,95.52999877929688
2026-04-15 14:00:00,94.79000091552734
2026-04-15 15:00:00,94.80000305175781
2026-04-15 16:00:00,94.93000030517578
2026-04-15 18:00:00,94.66000366210938
2026-04-15 19:00:00,94.5999984741211
2026-04-15 20:00:00,94.75
2026-04-15 21:00:00,95.05000305175781
2026-04-15 22:00:00,94.9800033569336
2026-04-15 23:00:00,94.98999786376953
2026-04-16 00:00:00,95.02999877929688
2026-04-16 01:00:00,94.80999755859375
2026-04-16 02:00:00,95.12000274658203
2026-04-16 03:00:00,96.31999969482422
2026-04-16 04:00:00,96.30000305175781
2026-04-16 05:00:00,96.44000244140625
2026-04-16 06:00:00,95.86000061035156
2026-04-16 07:00:00,95.69999694824219
2026-04-16 08:00:00,96.44000244140625
2026-04-16 09:00:00,97.5199966430664
2026-04-16 10:00:00,97.98999786376953
2026-04-16 11:00:00,98.2699966430664
2026-04-16 12:00:00,99.56999969482422
2026-04-16 13:00:00,99.63999938964844
2026-04-16 14:00:00,98.56999969482422
2026-04-16 15:00:00,98.16999816894531
2026-04-16 16:00:00,98.01000213623047
2026-04-16 18:00:00,97.93000030517578
2026-04-16 19:00:00,98.41999816894531
2026-04-16 20:00:00,98.30000305175781
2026-04-16 21:00:00,98.30999755859375
2026-04-16 22:00:00,98.26000213623047
2026-04-16 23:00:00,98.18000030517578
2026-04-17 00:00:00,98.0999984741211
2026-04-17 01:00:00,98.0999984741211
2026-04-17 02:00:00,98.70999908447266
2026-04-17 03:00:00,92.66999816894531
2026-04-17 04:00:00,91.83999633789062
2026-04-17 05:00:00,96.18000030517578
2026-04-17 06:00:00,96.30999755859375
2026-04-17 07:00:00,96.02999877929688
2026-04-17 08:00:00,90.47000122070312
2026-04-17 09:00:00,88.88999938964844
2026-04-17 10:00:00,87.20999908447266
2026-04-17 11:00:00,88.95999908447266
2026-04-17 12:00:00,88.83999633789062
2026-04-17 13:00:00,89.94999694824219
2026-04-17 14:00:00,91.12000274658203
2026-04-17 15:00:00,90.75
2026-04-17 16:00:00,90.37999725341797
2026-04-20 05:00:00,94.97000122070312
2026-04-20 06:00:00,95.04000091552734
2026-04-20 07:00:00,94.63999938964844
2026-04-20 08:00:00,94.87999725341797
2026-04-20 09:00:00,93.72000122070312
2026-04-20 10:00:00,95.47000122070312
2026-04-20 11:00:00,95.44999694824219
2026-04-20 12:00:00,95.30999755859375
2026-04-20 13:00:00,95.44000244140625
2026-04-20 14:00:00,95.44999694824219
2026-04-20 15:00:00,94.98999786376953
2026-04-20 16:00:00,94.27999877929688
2026-04-20 18:00:00,95.01000213623047
2026-04-20 19:00:00,94.66000366210938
2026-04-20 20:00:00,94.77999877929688
2026-04-20 21:00:00,95.12999725341797
2026-04-20 22:00:00,94.94999694824219
2026-04-20 23:00:00,94.9800033569336
2026-04-21 00:00:00,94.63999938964844
2026-04-21 01:00:00,94.41999816894531
2026-04-21 02:00:00,94.94000244140625
2026-04-21 03:00:00,90.02999877929688
2026-04-21 04:00:00,90.31999969482422
2026-04-21 05:00:00,90.27999877929688
2026-04-21 06:00:00,90.08000183105469
2026-04-21 07:00:00,90.7699966430664
2026-04-21 08:00:00,90.80999755859375
2026-04-21 09:00:00,90.54000091552734
2026-04-21 10:00:00,91.94999694824219
2026-04-21 11:00:00,93.04000091552734
2026-04-21 12:00:00,93.76000213623047
2026-04-21 13:00:00,92.95999908447266
2026-04-21 14:00:00,92.43000030517578
2026-04-21 15:00:00,94.93000030517578
2026-04-21 16:00:00,93.86000061035156
2026-04-21 18:00:00,93.83000183105469
2026-04-21 19:00:00,94.0999984741211
2026-04-21 20:00:00,93.31999969482422
2026-04-21 21:00:00,92.88999938964844
2026-04-21 22:00:00,92.94000244140625
2026-04-21 23:00:00,92.9000015258789
2026-04-22 00:00:00,93.12000274658203
2026-04-22 01:00:00,92.4800033569336
2026-04-22 02:00:00,92.4800033569336
2026-04-22 03:00:00,93.1500015258789
2026-04-22 04:00:00,94.45999908447266
2026-04-22 05:00:00,94.5
2026-04-22 06:00:00,93.87999725341797
2026-04-22 07:00:00,94.16000366210938
2026-04-22 08:00:00,94.93000030517578
2026-04-22 09:00:00,95.19999694824219
2026-04-22 10:00:00,95.9000015258789
2026-04-22 11:00:00,101.80000305175781
2026-04-22 12:00:00,102.20999908447266
2026-04-22 13:00:00,101.55000305175781
2026-04-22 14:00:00,101.94000244140625
2026-04-22 15:00:00,101.45999908447266
2026-04-22 16:00:00,101.8499984741211
2026-04-22 18:00:00,101.4000015258789
2026-04-22 19:00:00,101.69000244140625
2026-04-22 20:00:00,101.98999786376953
2026-04-22 21:00:00,102.23999786376953
2026-04-22 22:00:00,103.97000122070312
2026-04-22 23:00:00,103.41999816894531
2026-04-23 00:00:00,103.0
2026-04-23 01:00:00,102.94000244140625
2026-04-23 02:00:00,103.43000030517578
2026-04-23 03:00:00,97.0
2026-04-23 04:00:00,98.19999694824219
2026-04-23 05:00:00,98.29000091552734
2026-04-23 06:00:00,97.33000183105469
2026-04-23 07:00:00,96.86000061035156
2026-04-23 08:00:00,102.22000122070312
2026-04-23 09:00:00,102.93000030517578
2026-04-23 10:00:00,102.38999938964844
2026-04-23 11:00:00,103.5999984741211
2026-04-23 12:00:00,103.58999633789062
2026-04-23 13:00:00,105.02999877929688
2026-04-23 14:00:00,105.69000244140625
2026-04-23 15:00:00,105.73999786376953
2026-04-23 16:00:00,106.47000122070312
2026-04-23 18:00:00,106.4000015258789
2026-04-23 19:00:00,106.08000183105469
2026-04-23 20:00:00,106.62999725341797
2026-04-23 21:00:00,106.33000183105469
2026-04-23 22:00:00,105.87000274658203
2026-04-23 23:00:00,105.97000122070312
2026-04-24 00:00:00,105.5
2026-04-24 01:00:00,105.43000030517578
2026-04-24 02:00:00,106.16999816894531
2026-04-24 03:00:00,100.37999725341797
2026-04-24 04:00:00,100.54000091552734
2026-04-24 05:00:00,101.08000183105469
2026-04-24 06:00:00,100.27999877929688
2026-04-24 07:00:00,98.33999633789062
2026-04-24 08:00:00,99.54000091552734
2026-04-24 09:00:00,99.25
2026-04-24 10:00:00,99.08000183105469
2026-04-24 11:00:00,98.5
2026-04-24 12:00:00,98.68000030517578
2026-04-24 13:00:00,98.44999694824219
2026-04-24 14:00:00,98.98999786376953
2026-04-24 15:00:00,99.72000122070312
2026-04-24 16:00:00,99.12999725341797
2026-04-26 18:00:00,101.0
2026-04-26 19:00:00,101.25
2026-04-26 20:00:00,101.18000030517578
2026-04-26 21:00:00,100.93000030517578
2026-04-26 22:00:00,100.23999786376953
2026-04-26 23:00:00,100.36000061035156
2026-04-27 00:00:00,100.66999816894531
2026-04-27 01:00:00,101.12000274658203
2026-04-27 02:00:00,101.08000183105469
2026-04-27 03:00:00,101.83000183105469
2026-04-27 04:00:00,101.55999755859375
2026-04-27 05:00:00,101.55000305175781
2026-04-27 06:00:00,100.48999786376953
2026-04-27 07:00:00,100.19999694824219
2026-04-27 08:00:00,101.1500015258789
2026-04-27 09:00:00,101.0999984741211
2026-04-27 10:00:00,101.76000213623047
2026-04-27 11:00:00,101.37999725341797
2026-04-27 12:00:00,101.69999694824219
2026-04-27 13:00:00,101.91000366210938
2026-04-27 14:00:00,101.66000366210938
2026-04-27 15:00:00,101.5999984741211
2026-04-27 16:00:00,101.91000366210938
2026-04-27 18:00:00,101.86000061035156
2026-04-27 19:00:00,101.86000061035156
2026-04-27 20:00:00,102.33999633789062
2026-04-27 21:00:00,102.52999877929688
2026-04-27 22:00:00,102.52999877929688
2026-04-27 23:00:00,102.7300033569336
2026-04-28 00:00:00,102.69999694824219
2026-04-28 01:00:00,103.5199966430664
2026-04-28 02:00:00,103.66999816894531
2026-04-28 03:00:00,104.58999633789062
2026-04-28 04:00:00,104.12999725341797
2026-04-28 05:00:00,104.56999969482422
2026-04-28 06:00:00,104.33999633789062
2026-04-28 07:00:00,105.5199966430664
2026-04-28 08:00:00,104.04000091552734
2026-04-28 09:00:00,104.04000091552734
2026-04-28 10:00:00,103.66999816894531
2026-04-28 11:00:00,104.13999938964844
2026-04-28 12:00:00,103.55000305175781
2026-04-28 13:00:00,104.23999786376953
2026-04-28 14:00:00,104.37999725341797
2026-04-28 15:00:00,104.37000274658203
2026-04-28 16:00:00,104.30000305175781
2026-04-28 18:00:00,104.1500015258789
2026-04-28 19:00:00,103.8499984741211
2026-04-28 20:00:00,103.88999938964844
2026-04-28 21:00:00,104.83000183105469
2026-04-28 22:00:00,104.12000274658203
2026-04-28 23:00:00,104.06999969482422
2026-04-29 00:00:00,104.38999938964844
2026-04-29 01:00:00,104.68000030517578
2026-04-29 02:00:00,105.37000274658203
2026-04-29 03:00:00,106.08000183105469
2026-04-29 04:00:00,107.54000091552734
2026-04-29 05:00:00,107.4800033569336
2026-04-29 06:00:00,107.18000030517578
2026-04-29 07:00:00,107.63999938964844
2026-04-29 08:00:00,108.29000091552734
2026-04-29 09:00:00,109.62999725341797
2026-04-29 10:00:00,109.66999816894531
2026-04-29 11:00:00,111.06999969482422
2026-04-29 12:00:00,110.9800033569336
2026-04-29 13:00:00,110.41999816894531
2026-04-29 14:00:00,110.47000122070312
2026-04-29 15:00:00,111.47000122070312
2026-04-29 16:00:00,111.91000366210938
2026-04-29 18:00:00,112.06999969482422
2026-04-29 19:00:00,111.72000122070312
2026-04-29 20:00:00,111.23999786376953
2026-04-29 21:00:00,110.7300033569336
2026-04-29 22:00:00,111.97000122070312
2026-04-29 23:00:00,112.87999725341797
2026-04-30 00:00:00,113.66999816894531
2026-04-30 01:00:00,113.52999877929688
2026-04-30 02:00:00,112.4000015258789
2026-04-30 03:00:00,104.55999755859375
2026-04-30 04:00:00,104.5199966430664
2026-04-30 05:00:00,103.31999969482422
2026-04-30 06:00:00,103.2300033569336
2026-04-30 07:00:00,102.18000030517578
2026-04-30 08:00:00,109.29000091552734
2026-04-30 09:00:00,109.69999694824219
2026-04-30 10:00:00,110.62000274658203
2026-04-30 11:00:00,109.55000305175781
2026-04-30 12:00:00,110.08000183105469
2026-04-30 13:00:00,108.88999938964844
2026-04-30 14:00:00,110.98999786376953
2026-04-30 15:00:00,110.9800033569336
2026-04-30 16:00:00,111.2300033569336
2026-04-30 18:00:00,111.52999877929688
2026-04-30 19:00:00,111.41999816894531
2026-04-30 20:00:00,111.66000366210938
2026-04-30 21:00:00,111.41000366210938
2026-04-30 22:00:00,111.36000061035156
2026-04-30 23:00:00,111.37000274658203
2026-05-01 00:00:00,110.87999725341797
2026-05-01 01:00:00,110.9800033569336
2026-05-01 02:00:00,111.86000061035156
2026-05-01 03:00:00,104.5199966430664
2026-05-01 04:00:00,104.56999969482422
2026-05-01 05:00:00,111.2699966430664
2026-05-01 06:00:00,111.20999908447266
2026-05-01 07:00:00,110.86000061035156
2026-05-01 08:00:00,110.69000244140625
2026-05-01 09:00:00,108.1500015258789
2026-05-01 10:00:00,108.37999725341797
2026-05-01 11:00:00,107.66999816894531
2026-05-01 12:00:00,108.27999877929688
2026-05-01 13:00:00,107.62000274658203
2026-05-01 14:00:00,108.56999969482422
2026-05-01 15:00:00,108.56999969482422
2026-05-01 16:00:00,108.16999816894531
2026-05-03 18:00:00,107.45999908447266
2026-05-03 19:00:00,108.19999694824219
2026-05-03 20:00:00,107.54000091552734
2026-05-03 21:00:00,108.0199966430664
2026-05-03 22:00:00,108.27999877929688
2026-05-03 23:00:00,108.41999816894531
2026-05-04 00:00:00,108.1500015258789
2026-05-04 01:00:00,107.23999786376953
2026-05-04 02:00:00,108.72000122070312
2026-05-04 03:00:00,110.08999633789062
2026-05-04 04:00:00,109.5999984741211
2026-05-04 05:00:00,109.81999969482422
2026-05-04 06:00:00,112.30999755859375
2026-05-04 07:00:00,111.30999755859375
2026-05-04 08:00:00,110.48999786376953
2026-05-04 09:00:00,110.62999725341797
2026-05-04 10:00:00,112.18000030517578
2026-05-04 11:00:00,114.0999984741211
2026-05-04 12:00:00,114.83000183105469
2026-05-04 13:00:00,113.62000274658203
2026-05-04 14:00:00,114.29000091552734
2026-05-04 15:00:00,114.08999633789062
2026-05-04 16:00:00,113.76000213623047
2026-05-04 18:00:00,113.94999694824219
2026-05-04 19:00:00,113.95999908447266
2026-05-04 20:00:00,113.8499984741211
2026-05-04 21:00:00,113.55999755859375
2026-05-04 22:00:00,113.06999969482422
2026-05-04 23:00:00,113.26000213623047
2026-05-05 00:00:00,113.04000091552734
2026-05-05 01:00:00,113.3499984741211
2026-05-05 02:00:00,113.75
2026-05-05 03:00:00,113.73999786376953
2026-05-05 04:00:00,112.33000183105469
2026-05-05 05:00:00,112.81999969482422
2026-05-05 06:00:00,113.0199966430664
2026-05-05 07:00:00,112.45999908447266
2026-05-05 08:00:00,112.01000213623047
2026-05-05 09:00:00,111.0
2026-05-05 10:00:00,110.83000183105469
2026-05-05 11:00:00,110.44999694824219
2026-05-05 12:00:00,110.61000061035156
2026-05-05 13:00:00,110.12000274658203
2026-05-05 14:00:00,109.66999816894531
2026-05-05 15:00:00,110.29000091552734
2026-05-05 16:00:00,110.5
2026-05-05 18:00:00,108.55999755859375
2026-05-05 19:00:00,107.30000305175781
2026-05-05 20:00:00,108.6500015258789
2026-05-05 21:00:00,107.91999816894531
2026-05-05 22:00:00,108.0
2026-05-05 23:00:00,107.9800033569336
2026-05-06 00:00:00,108.05000305175781
2026-05-06 01:00:00,107.98999786376953
2026-05-06 02:00:00,108.4000015258789
2026-05-06 03:00:00,105.66999816894531
2026-05-06 04:00:00,103.23999786376953
2026-05-06 05:00:00,101.5199966430664
2026-05-06 06:00:00,98.22000122070312
2026-05-06 07:00:00,100.23999786376953
2026-05-06 08:00:00,102.9000015258789
2026-05-06 09:00:00,102.77999877929688
2026-05-06 10:00:00,101.72000122070312
2026-05-06 11:00:00,102.16999816894531
2026-05-06 12:00:00,102.58999633789062
2026-05-06 13:00:00,101.55999755859375
2026-05-06 14:00:00,101.2300033569336
2026-05-06 15:00:00,101.5
2026-05-06 16:00:00,101.95999908447266
2026-05-06 18:00:00,101.87999725341797
2026-05-06 19:00:00,101.86000061035156
2026-05-06 20:00:00,102.19000244140625
2026-05-06 21:00:00,101.7300033569336
2026-05-06 22:00:00,101.80999755859375
2026-05-06 23:00:00,101.9800033569336
2026-05-07 00:00:00,101.70999908447266
2026-05-07 01:00:00,101.63999938964844
2026-05-07 02:00:00,100.9000015258789
2026-05-07 03:00:00,99.5999984741211
2026-05-07 04:00:00,99.06999969482422
2026-05-07 05:00:00,99.04000091552734
2026-05-07 06:00:00,98.94999694824219
2026-05-07 07:00:00,98.08999633789062
2026-05-07 08:00:00,96.86000061035156
2026-05-07 09:00:00,97.20999908447266
2026-05-07 10:00:00,97.2699966430664
2026-05-07 11:00:00,99.19999694824219
2026-05-07 12:00:00,100.86000061035156
2026-05-07 13:00:00,100.58999633789062
2026-05-07 14:00:00,100.97000122070312
2026-05-07 15:00:00,101.66999816894531
2026-05-07 16:00:00,103.11000061035156
2026-05-07 18:00:00,102.62999725341797
2026-05-07 19:00:00,102.41000366210938
2026-05-07 20:00:00,102.19999694824219
2026-05-07 21:00:00,101.5999984741211
2026-05-07 22:00:00,101.30999755859375
2026-05-07 23:00:00,101.26000213623047
2026-05-08 00:00:00,101.29000091552734
2026-05-08 01:00:00,100.98999786376953
2026-05-08 02:00:00,100.63999938964844
2026-05-08 03:00:00,101.05999755859375
2026-05-08 04:00:00,100.30000305175781
2026-05-08 05:00:00,100.86000061035156
2026-05-08 06:00:00,100.29000091552734
2026-05-08 07:00:00,100.66000366210938
2026-05-08 08:00:00,100.62999725341797
2026-05-08 09:00:00,100.16000366210938
2026-05-08 10:00:00,101.45999908447266
2026-05-08 11:00:00,101.69000244140625
2026-05-08 12:00:00,101.58999633789062
2026-05-08 13:00:00,101.0999984741211
2026-05-08 14:00:00,101.25
2026-05-08 15:00:00,100.5
2026-05-08 16:00:00,101.29000091552734
2026-05-10 18:00:00,104.51000213623047
2026-05-10 19:00:00,104.98999786376953
2026-05-10 20:00:00,105.04000091552734
2026-05-10 21:00:00,104.58999633789062
2026-05-10 22:00:00,105.30000305175781
2026-05-10 23:00:00,105.62999725341797
2026-05-11 00:00:00,105.91999816894531
2026-05-11 01:00:00,105.27999877929688
2026-05-11 02:00:00,104.5199966430664
2026-05-11 03:00:00,104.38999938964844
2026-05-11 04:00:00,103.95999908447266
2026-05-11 05:00:00,104.06999969482422
2026-05-11 06:00:00,103.9800033569336
2026-05-11 07:00:00,104.26000213623047
2026-05-11 08:00:00,103.91999816894531
2026-05-11 09:00:00,103.0
2026-05-11 10:00:00,103.7699966430664
2026-05-11 11:00:00,104.01000213623047
2026-05-11 12:00:00,105.06999969482422
2026-05-11 13:00:00,104.3499984741211
2026-05-11 14:00:00,104.30999755859375
2026-05-11 15:00:00,104.27999877929688
2026-05-11 16:00:00,104.41999816894531
2026-05-11 18:00:00,104.33999633789062
2026-05-11 19:00:00,104.16000366210938
2026-05-11 20:00:00,104.86000061035156
2026-05-11 21:00:00,105.12999725341797
2026-05-11 22:00:00,105.08000183105469
2026-05-11 23:00:00,105.13999938964844
2026-05-12 00:00:00,104.94000244140625
2026-05-12 01:00:00,105.08999633789062
2026-05-12 02:00:00,106.37000274658203
2026-05-12 03:00:00,106.41999816894531
2026-05-12 04:00:00,106.70999908447266
2026-05-12 05:00:00,107.16000366210938
2026-05-12 06:00:00,107.76000213623047
2026-05-12 07:00:00,107.5
2026-05-12 08:00:00,107.16999816894531
2026-05-12 09:00:00,108.0
2026-05-12 10:00:00,107.94000244140625
2026-05-12 11:00:00,107.66000366210938
2026-05-12 12:00:00,107.38999938964844
2026-05-12 13:00:00,107.37000274658203
2026-05-12 14:00:00,107.9800033569336
2026-05-12 15:00:00,107.83000183105469
2026-05-12 16:00:00,107.41999816894531
2026-05-12 18:00:00,107.36000061035156
2026-05-12 19:00:00,107.44999694824219
2026-05-12 20:00:00,106.87000274658203
2026-05-12 21:00:00,107.11000061035156
2026-05-12 22:00:00,106.51000213623047
2026-05-12 23:00:00,106.52999877929688
2026-05-13 00:00:00,106.2699966430664
2026-05-13 01:00:00,106.18000030517578
2026-05-13 02:00:00,106.48999786376953
2026-05-13 03:00:00,106.83000183105469
2026-05-13 04:00:00,107.33999633789062
2026-05-13 05:00:00,107.16000366210938
2026-05-13 06:00:00,108.1500015258789
2026-05-13 07:00:00,107.5199966430664
2026-05-13 08:00:00,107.62999725341797
2026-05-13 09:00:00,107.52999877929688
2026-05-13 10:00:00,107.70999908447266
2026-05-13 11:00:00,106.70999908447266
2026-05-13 12:00:00,106.33999633789062
2026-05-13 13:00:00,105.9800033569336
2026-05-13 14:00:00,105.66999816894531
2026-05-13 15:00:00,105.8499984741211
2026-05-13 16:00:00,105.55000305175781
2026-05-13 18:00:00,105.4800033569336
2026-05-13 19:00:00,105.68000030517578
2026-05-13 20:00:00,105.62000274658203
2026-05-13 21:00:00,105.62000274658203
2026-05-13 22:00:00,106.0
2026-05-13 23:00:00,105.87000274658203
2026-05-14 00:00:00,105.97000122070312
2026-05-14 01:00:00,106.08999633789062
2026-05-14 02:00:00,105.7300033569336
2026-05-14 03:00:00,106.5999984741211
2026-05-14 04:00:00,106.20999908447266
2026-05-14 05:00:00,106.0199966430664
2026-05-14 06:00:00,105.66999816894531
2026-05-14 07:00:00,104.80999755859375
2026-05-14 08:00:00,104.77999877929688
2026-05-14 09:00:00,105.29000091552734
2026-05-14 10:00:00,104.91000366210938
2026-05-14 11:00:00,104.87000274658203
2026-05-14 12:00:00,105.19999694824219
2026-05-14 13:00:00,105.9800033569336
2026-05-14 14:00:00,105.91999816894531
2026-05-14 15:00:00,106.54000091552734
2026-05-14 16:00:00,106.55000305175781
2026-05-14 18:00:00,106.4800033569336
2026-05-14 19:00:00,106.55000305175781
2026-05-14 20:00:00,106.41999816894531
2026-05-14 21:00:00,106.91000366210938
2026-05-14 22:00:00,107.19000244140625
2026-05-14 23:00:00,106.91000366210938
2026-05-15 00:00:00,106.9800033569336
2026-05-15 01:00:00,107.55000305175781
2026-05-15 02:00:00,107.45999908447266
2026-05-15 03:00:00,107.7699966430664
2026-05-15 04:00:00,109.04000091552734
2026-05-15 05:00:00,109.33000183105469
2026-05-15 06:00:00,107.55999755859375
2026-05-15 07:00:00,108.52999877929688
2026-05-15 08:00:00,108.2699966430664
2026-05-15 09:00:00,108.62999725341797
2026-05-15 10:00:00,109.04000091552734
2026-05-15 11:00:00,109.43000030517578
2026-05-15 12:00:00,109.13999938964844
2026-05-15 13:00:00,108.98999786376953
2026-05-15 14:00:00,109.26000213623047
2026-05-15 15:00:00,109.33000183105469
2026-05-15 16:00:00,109.26000213623047
2026-05-17 18:00:00,110.31999969482422
2026-05-17 19:00:00,110.5199966430664
2026-05-17 20:00:00,110.97000122070312
2026-05-17 21:00:00,111.30000305175781
2026-05-17 22:00:00,111.27999877929688
2026-05-17 23:00:00,111.2300033569336
2026-05-18 00:00:00,111.19999694824219
2026-05-18 01:00:00,110.94000244140625
2026-05-18 02:00:00,110.97000122070312
2026-05-18 03:00:00,110.37000274658203
2026-05-18 04:00:00,109.98999786376953
2026-05-18 05:00:00,110.05999755859375
2026-05-18 06:00:00,110.5999984741211
2026-05-18 07:00:00,109.13999938964844
2026-05-18 08:00:00,107.5
2026-05-18 09:00:00,107.81999969482422
2026-05-18 10:00:00,110.16000366210938
2026-05-18 11:00:00,110.93000030517578
2026-05-18 12:00:00,111.02999877929688
2026-05-18 13:00:00,110.83000183105469
2026-05-18 14:00:00,112.19999694824219
2026-05-18 15:00:00,109.11000061035156
2026-05-18 16:00:00,109.27999877929688
2026-05-18 18:00:00,109.26000213623047
2026-05-18 19:00:00,108.98999786376953
2026-05-18 20:00:00,109.3499984741211
2026-05-18 21:00:00,109.45999908447266
2026-05-18 22:00:00,110.0
2026-05-18 23:00:00,109.88999938964844
2026-05-19 00:00:00,109.7300033569336
2026-05-19 01:00:00,110.16999816894531
2026-05-19 02:00:00,110.54000091552734
2026-05-19 03:00:00,110.04000091552734
2026-05-19 04:00:00,110.2699966430664
2026-05-19 05:00:00,109.91999816894531
2026-05-19 06:00:00,110.58000183105469
2026-05-19 07:00:00,111.05000305175781
2026-05-19 08:00:00,110.54000091552734
2026-05-19 09:00:00,110.38999938964844
2026-05-19 10:00:00,110.63999938964844
2026-05-19 11:00:00,110.93000030517578
2026-05-19 12:00:00,110.72000122070312
2026-05-19 13:00:00,110.55000305175781
2026-05-19 14:00:00,111.69000244140625
2026-05-19 15:00:00,111.38999938964844
2026-05-19 16:00:00,111.0
2026-05-19 18:00:00,111.0999984741211
2026-05-19 19:00:00,110.91999816894531
2026-05-19 20:00:00,110.91000366210938
2026-05-19 21:00:00,110.63999938964844
2026-05-19 22:00:00,111.25
2026-05-19 23:00:00,110.5999984741211
2026-05-20 00:00:00,110.88999938964844
2026-05-20 01:00:00,110.94000244140625
2026-05-20 02:00:00,109.87999725341797
2026-05-20 03:00:00,110.0
2026-05-20 04:00:00,108.91999816894531
2026-05-20 05:00:00,109.2300033569336
2026-05-20 06:00:00,108.33000183105469
2026-05-20 07:00:00,109.12000274658203
2026-05-20 08:00:00,108.44000244140625
2026-05-20 09:00:00,108.9800033569336
2026-05-20 10:00:00,106.98999786376953
2026-05-20 11:00:00,105.7300033569336
2026-05-20 12:00:00,104.7300033569336
2026-05-20 13:00:00,105.16999816894531
2026-05-20 14:00:00,104.7300033569336
2026-05-20 15:00:00,105.06999969482422
2026-05-20 16:00:00,105.44999694824219
2026-05-20 18:00:00,105.33000183105469
2026-05-20 19:00:00,105.30999755859375
2026-05-20 20:00:00,105.80000305175781
2026-05-20 21:00:00,105.19999694824219
2026-05-20 22:00:00,106.01000213623047
2026-05-20 23:00:00,105.80999755859375
2026-05-21 00:00:00,105.5
2026-05-21 01:00:00,106.08999633789062
2026-05-21 02:00:00,106.30999755859375
2026-05-21 03:00:00,105.93000030517578
2026-05-21 04:00:00,105.05000305175781
2026-05-21 05:00:00,104.19999694824219
2026-05-21 06:00:00,107.37999725341797
2026-05-21 07:00:00,106.87999725341797
2026-05-21 08:00:00,107.30999755859375
2026-05-21 09:00:00,106.76000213623047
2026-05-21 10:00:00,107.6500015258789
2026-05-21 11:00:00,107.11000061035156
2026-05-21 12:00:00,106.43000030517578
2026-05-21 13:00:00,102.73999786376953
2026-05-21 14:00:00,104.66999816894531
2026-05-21 15:00:00,104.08000183105469
2026-05-21 16:00:00,104.87999725341797
2026-05-21 18:00:00,104.62999725341797
2026-05-21 19:00:00,104.69000244140625
2026-05-21 20:00:00,104.5999984741211
2026-05-21 21:00:00,104.3499984741211
2026-05-21 22:00:00,104.19000244140625
2026-05-21 23:00:00,104.30999755859375
2026-05-22 00:00:00,104.22000122070312
2026-05-22 01:00:00,105.4000015258789
2026-05-22 02:00:00,104.86000061035156
2026-05-22 03:00:00,105.36000061035156
2026-05-22 04:00:00,105.72000122070312
2026-05-22 05:00:00,105.44000244140625
2026-05-22 06:00:00,105.30000305175781
2026-05-22 07:00:00,104.41000366210938
2026-05-22 08:00:00,103.06999969482422
2026-05-22 09:00:00,104.37000274658203
2026-05-22 10:00:00,104.25
2026-05-22 11:00:00,103.56999969482422
2026-05-22 12:00:00,103.4800033569336
2026-05-22 13:00:00,102.72000122070312
2026-05-22 14:00:00,103.11000061035156
2026-05-22 15:00:00,103.38999938964844
2026-05-22 16:00:00,103.54000091552734
2026-05-26 00:00:00,95.45999908447266
2026-05-26 01:00:00,95.41000366210938
2026-05-26 02:00:00,95.19000244140625
2026-05-26 03:00:00,96.13999938964844
2026-05-26 04:00:00,96.62999725341797
2026-05-26 05:00:00,96.2300033569336
2026-05-26 06:00:00,95.54000091552734
2026-05-26 07:00:00,96.1500015258789
2026-05-26 08:00:00,96.16000366210938
2026-05-26 09:00:00,97.38999938964844
2026-05-26 10:00:00,97.30999755859375
2026-05-26 11:00:00,97.18000030517578
2026-05-26 12:00:00,97.01000213623047
2026-05-26 13:00:00,96.7699966430664
2026-05-26 14:00:00,96.45999908447266
2026-05-26 15:00:00,96.4800033569336
2026-05-26 16:00:00,96.58999633789062
2026-05-26 18:00:00,96.58999633789062
2026-05-26 19:00:00,96.4000015258789
2026-05-26 20:00:00,95.95999908447266
2026-05-26 21:00:00,95.80000305175781
2026-05-26 22:00:00,95.37999725341797
2026-05-26 23:00:00,95.11000061035156
2026-05-27 00:00:00,95.01000213623047
2026-05-27 01:00:00,94.93000030517578
2026-05-27 02:00:00,94.73999786376953
2026-05-27 03:00:00,94.26000213623047
2026-05-27 04:00:00,93.30999755859375
2026-05-27 05:00:00,93.31999969482422
2026-05-27 06:00:00,93.86000061035156
2026-05-27 07:00:00,94.13999938964844
2026-05-27 08:00:00,92.5999984741211
2026-05-27 09:00:00,93.43000030517578
2026-05-27 10:00:00,94.16000366210938
2026-05-27 11:00:00,93.43000030517578
2026-05-27 12:00:00,93.33000183105469
2026-05-27 13:00:00,92.80000305175781
2026-05-27 14:00:00,92.48999786376953
2026-05-27 15:00:00,92.97000122070312
2026-05-27 16:00:00,92.86000061035156
2026-05-27 18:00:00,93.30999755859375
2026-05-27 19:00:00,93.73999786376953
2026-05-27 20:00:00,94.0999984741211
2026-05-27 21:00:00,93.87999725341797
2026-05-27 22:00:00,94.52999877929688
2026-05-27 23:00:00,95.5999984741211
2026-05-28 00:00:00,95.62000274658203
2026-05-28 01:00:00,95.02999877929688
2026-05-28 02:00:00,94.69999694824219
2026-05-28 03:00:00,94.55999755859375
2026-05-28 04:00:00,94.37999725341797
2026-05-28 05:00:00,93.86000061035156
2026-05-28 06:00:00,94.75
2026-05-28 07:00:00,94.77999877929688
2026-05-28 08:00:00,93.8499984741211
2026-05-28 09:00:00,94.2699966430664
2026-05-28 10:00:00,93.08999633789062
2026-05-28 11:00:00,93.1500015258789
2026-05-28 12:00:00,91.81999969482422
2026-05-28 13:00:00,92.4000015258789
2026-05-28 14:00:00,93.0199966430664
2026-05-28 15:00:00,93.19999694824219
2026-05-28 16:00:00,92.4800033569336
2026-05-28 18:00:00,92.4000015258789
2026-05-28 19:00:00,92.44999694824219
2026-05-28 20:00:00,92.3499984741211
2026-05-28 21:00:00,91.87999725341797
2026-05-28 22:00:00,91.91000366210938
2026-05-28 23:00:00,92.27999877929688
2026-05-29 00:00:00,91.7300033569336
2026-05-29 01:00:00,91.95999908447266
2026-05-29 02:00:00,91.51000213623047
2026-05-29 03:00:00,92.63999938964844
2026-05-29 04:00:00,92.44000244140625
2026-05-29 05:00:00,91.1500015258789
2026-05-29 06:00:00,91.05999755859375
2026-05-29 07:00:00,91.16999816894531
2026-05-29 08:00:00,91.0
2026-05-29 09:00:00,91.27999877929688
2026-05-29 10:00:00,91.23999786376953
2026-05-29 11:00:00,91.05999755859375
2026-05-29 12:00:00,90.55000305175781
2026-05-29 13:00:00,91.04000091552734
2026-05-29 14:00:00,91.45999908447266
2026-05-29 15:00:00,91.91999816894531
2026-05-29 16:00:00,91.12000274658203
2026-05-31 18:00:00,93.26000213623047
2026-05-31 19:00:00,92.91999816894531
2026-05-31 20:00:00,92.91999816894531
2026-05-31 21:00:00,93.30999755859375
2026-05-31 22:00:00,93.0199966430664
2026-05-31 23:00:00,93.27999877929688
2026-06-01 00:00:00,93.05999755859375
2026-06-01 01:00:00,93.26000213623047
2026-06-01 02:00:00,93.76000213623047
2026-06-01 03:00:00,93.94000244140625
2026-06-01 04:00:00,94.23999786376953
2026-06-01 05:00:00,94.0
2026-06-01 06:00:00,94.05000305175781
2026-06-01 07:00:00,93.5999984741211
2026-06-01 08:00:00,92.98999786376953
2026-06-01 09:00:00,97.2300033569336
2026-06-01 10:00:00,97.55999755859375
2026-06-01 11:00:00,96.95999908447266
2026-06-01 12:00:00,95.93000030517578
2026-06-01 13:00:00,94.91000366210938
2026-06-01 14:00:00,95.29000091552734
2026-06-01 15:00:00,95.27999877929688
2026-06-01 16:00:00,95.30000305175781
2026-06-01 18:00:00,95.16000366210938
2026-06-01 19:00:00,94.8499984741211
2026-06-01 20:00:00,95.4000015258789
2026-06-01 21:00:00,94.55999755859375
2026-06-01 22:00:00,94.6500015258789
2026-06-01 23:00:00,94.37999725341797
2026-06-02 00:00:00,94.1500015258789
2026-06-02 01:00:00,94.27999877929688
2026-06-02 02:00:00,94.37999725341797
2026-06-02 03:00:00,93.55999755859375
2026-06-02 04:00:00,93.31999969482422
2026-06-02 05:00:00,93.7699966430664
2026-06-02 06:00:00,93.83000183105469
2026-06-02 07:00:00,93.79000091552734
2026-06-02 08:00:00,94.05999755859375
2026-06-02 09:00:00,94.97000122070312
2026-06-02 10:00:00,94.87999725341797
2026-06-02 11:00:00,95.4800033569336
2026-06-02 12:00:00,95.72000122070312
2026-06-02 13:00:00,96.13999938964844
2026-06-02 14:00:00,96.16000366210938
2026-06-02 15:00:00,96.01000213623047
2026-06-02 16:00:00,95.77999877929688
2026-06-02 18:00:00,96.58999633789062
2026-06-02 19:00:00,96.7300033569336
2026-06-02 20:00:00,96.66999816894531
2026-06-02 21:00:00,96.94000244140625
2026-06-02 22:00:00,96.9000015258789
2026-06-02 23:00:00,96.94999694824219
2026-06-03 00:00:00,97.08000183105469
2026-06-03 01:00:00,97.77999877929688
2026-06-03 02:00:00,97.87999725341797
2026-06-03 03:00:00,97.93000030517578
2026-06-03 04:00:00,98.47000122070312
2026-06-03 05:00:00,98.88999938964844
2026-06-03 06:00:00,98.27999877929688
2026-06-03 07:00:00,97.94000244140625
2026-06-03 08:00:00,97.94999694824219
2026-06-03 09:00:00,96.94000244140625
2026-06-03 10:00:00,97.48999786376953
2026-06-03 11:00:00,97.94000244140625
2026-06-03 12:00:00,97.72000122070312
2026-06-03 13:00:00,98.08999633789062
2026-06-03 14:00:00,97.94000244140625
2026-06-03 15:00:00,97.98999786376953
2026-06-03 16:00:00,97.86000061035156
2026-06-03 18:00:00,97.22000122070312
2026-06-03 19:00:00,97.13999938964844
2026-06-03 20:00:00,96.97000122070312
2026-06-03 21:00:00,96.66999816894531
2026-06-03 22:00:00,96.54000091552734
2026-06-03 23:00:00,96.8499984741211
2026-06-04 00:00:00,96.91000366210938
2026-06-04 01:00:00,96.87000274658203
2026-06-04 02:00:00,96.97000122070312
2026-06-04 03:00:00,97.05000305175781
2026-06-04 04:00:00,96.55999755859375
2026-06-04 05:00:00,96.0999984741211
2026-06-04 06:00:00,96.4000015258789
2026-06-04 07:00:00,94.41000366210938
2026-06-04 08:00:00,94.73999786376953
2026-06-04 09:00:00,94.80000305175781
2026-06-04 10:00:00,95.3499984741211
2026-06-04 11:00:00,95.06999969482422
2026-06-04 12:00:00,94.75
2026-06-04 13:00:00,94.63999938964844
2026-06-04 14:00:00,95.30999755859375
2026-06-04 15:00:00,95.29000091552734
2026-06-04 16:00:00,95.13999938964844
2026-06-04 18:00:00,95.23999786376953
2026-06-04 19:00:00,95.19999694824219
2026-06-04 20:00:00,94.94999694824219
2026-06-04 21:00:00,95.44999694824219
2026-06-04 22:00:00,95.7300033569336
2026-06-04 23:00:00,95.4000015258789
2026-06-05 00:00:00,95.33000183105469
2026-06-05 01:00:00,95.37999725341797
2026-06-05 02:00:00,95.05000305175781
2026-06-05 03:00:00,94.88999938964844
2026-06-05 04:00:00,94.97000122070312
2026-06-05 05:00:00,94.97000122070312
2026-06-05 06:00:00,94.83999633789062
2026-06-05 07:00:00,94.77999877929688
2026-06-05 08:00:00,94.56999969482422
2026-06-05 09:00:00,93.95999908447266
2026-06-05 10:00:00,93.87999725341797
2026-06-05 11:00:00,93.44999694824219
2026-06-05 12:00:00,92.98999786376953
2026-06-05 13:00:00,92.94000244140625
2026-06-05 14:00:00,92.94000244140625
2026-06-05 15:00:00,92.97000122070312
2026-06-05 16:00:00,93.08999633789062
2026-06-07 18:00:00,95.5
2026-06-07 19:00:00,95.41000366210938
2026-06-07 20:00:00,95.12000274658203
2026-06-07 21:00:00,96.48999786376953
